ISO3,Year,SWIID_gini_disp
AFG,2007,31.4
AFG,2008,31.4
AFG,2009,31.5
AFG,2010,31.6
AFG,2011,31.7
AFG,2012,31.8
AFG,2013,31.8
AFG,2014,31.9
AFG,2015,31.9
AFG,2016,31.9
AFG,2017,31.9
ALB,1996,35.8
ALB,1997,35.9
ALB,1998,36.1
ALB,1999,36.2
ALB,2000,36.4
ALB,2001,36.5
ALB,2002,36.7
ALB,2003,36.8
ALB,2004,36.9
ALB,2005,36.9
ALB,2006,37
ALB,2007,37
ALB,2008,37
ALB,2009,37
ALB,2010,37
ALB,2011,37.1
ALB,2012,37
ALB,2013,37.1
ALB,2014,37.1
ALB,2015,37
ALB,2016,36.8
ALB,2017,36.4
ALB,2018,35.9
ALB,2019,35.5
ALB,2020,35.2
ALB,2021,34.9
ALB,2022,34.7
DZA,1988,37.3
DZA,1989,37.2
DZA,1990,37.1
DZA,1991,36.9
DZA,1992,36.8
DZA,1993,36.7
DZA,1994,36.5
DZA,1995,36.4
DZA,1996,36.3
DZA,1997,36.1
DZA,1998,36
DZA,1999,35.8
DZA,2000,35.7
DZA,2001,35.6
DZA,2002,35.4
DZA,2003,35.2
DZA,2004,35.1
DZA,2005,34.9
DZA,2006,34.7
DZA,2007,34.5
DZA,2008,34.4
DZA,2009,34.1
DZA,2010,34
DZA,2011,33.7
AND,2001,30
AND,2002,29.9
AND,2003,29.9
AND,2004,30
AND,2005,30
AND,2006,30
AND,2007,30
AND,2008,30
AND,2009,30
AND,2010,30
AND,2011,30
AND,2012,30
AND,2013,30
AND,2014,30
AND,2015,30
AND,2016,30
AGO,2000,50.5
AGO,2001,50.4
AGO,2002,50.3
AGO,2003,50.3
AGO,2004,50.2
AGO,2005,50.1
AGO,2006,49.8
AGO,2007,49.6
AGO,2008,49.3
AGO,2009,49.3
AGO,2010,49.3
AGO,2011,49.4
AGO,2012,49.5
AGO,2013,49.6
AGO,2014,49.6
AGO,2015,49.7
AGO,2016,49.8
AGO,2017,49.9
AGO,2018,49.9
AIA,2002,37.2
AIA,2003,37.3
AIA,2004,37.5
AIA,2005,37.6
AIA,2006,37.7
AIA,2007,37.9
AIA,2008,38.1
AIA,2009,38.2
ATG,2007,48.4
ARG,1961,36.3
ARG,1962,36.1
ARG,1963,36
ARG,1964,35.9
ARG,1965,35.9
ARG,1966,35.9
ARG,1967,35.8
ARG,1968,35.9
ARG,1969,35.9
ARG,1970,35.9
ARG,1971,35.7
ARG,1972,35.5
ARG,1973,35.4
ARG,1974,35.3
ARG,1975,35.7
ARG,1976,36.1
ARG,1977,36.7
ARG,1978,37.2
ARG,1979,37.7
ARG,1980,38.2
ARG,1981,38.7
ARG,1982,39.2
ARG,1983,39.6
ARG,1984,40.1
ARG,1985,40.5
ARG,1986,41
ARG,1987,41.6
ARG,1988,42.1
ARG,1989,42.5
ARG,1990,42.7
ARG,1991,42.8
ARG,1992,42.8
ARG,1993,43
ARG,1994,43.6
ARG,1995,44.3
ARG,1996,44.9
ARG,1997,45.5
ARG,1998,46
ARG,1999,46.4
ARG,2000,46.8
ARG,2001,47.2
ARG,2002,47.1
ARG,2003,46.5
ARG,2004,45.5
ARG,2005,44.5
ARG,2006,43.5
ARG,2007,42.4
ARG,2008,41.5
ARG,2009,41
ARG,2010,40.3
ARG,2011,39.6
ARG,2012,39
ARG,2013,38.6
ARG,2014,38.2
ARG,2015,38
ARG,2016,37.9
ARG,2017,37.9
ARG,2018,38
ARG,2019,38.1
ARG,2020,38.1
ARG,2021,38
ARG,2022,37.9
ARG,2023,38.1
ARG,2024,38.4
ARM,1988,30
ARM,1989,30
ARM,1990,31
ARM,1991,32.4
ARM,1992,33.7
ARM,1993,35.1
ARM,1994,36.4
ARM,1995,37.8
ARM,1996,39.2
ARM,1997,39.7
ARM,1998,40.1
ARM,1999,40.4
ARM,2000,40
ARM,2001,39.6
ARM,2002,39
ARM,2003,38.8
ARM,2004,38.4
ARM,2005,37.7
ARM,2006,37
ARM,2007,36.6
ARM,2008,35.9
ARM,2009,35.6
ARM,2010,35.3
ARM,2011,35
ARM,2012,35.6
ARM,2013,36.1
ARM,2014,36.6
ARM,2015,36.8
ARM,2016,36.9
ARM,2017,36.8
ARM,2018,36.4
ARM,2019,35.5
ARM,2020,34.3
ARM,2021,34
ARM,2022,33.9
ARM,2023,33.9
ARM,2024,33.9
AUS,1967,27.6
AUS,1968,27.6
AUS,1969,27.7
AUS,1970,27.5
AUS,1971,27.3
AUS,1972,27.1
AUS,1973,27
AUS,1974,26.8
AUS,1975,25.8
AUS,1976,26.1
AUS,1977,26.5
AUS,1978,26.9
AUS,1979,27.3
AUS,1980,27.7
AUS,1981,28.1
AUS,1982,28.1
AUS,1983,28.6
AUS,1984,29.1
AUS,1985,29.2
AUS,1986,29.2
AUS,1987,29.5
AUS,1988,29.8
AUS,1989,30.1
AUS,1990,29.8
AUS,1991,30
AUS,1992,30.1
AUS,1993,30.3
AUS,1994,30.5
AUS,1995,30.9
AUS,1996,31
AUS,1997,31.2
AUS,1998,31.4
AUS,1999,31.5
AUS,2000,31.7
AUS,2001,31.8
AUS,2002,31.7
AUS,2003,31.7
AUS,2004,31.7
AUS,2005,32.1
AUS,2006,32.4
AUS,2007,32.8
AUS,2008,33.1
AUS,2009,33.1
AUS,2010,33
AUS,2011,32.8
AUS,2012,32.5
AUS,2013,32.6
AUS,2014,32.7
AUS,2015,32.7
AUS,2016,32.7
AUS,2017,32.7
AUS,2018,32.7
AUS,2019,32.6
AUS,2020,32.6
AUT,1994,30.5
AUT,1995,28.3
AUT,1996,26.9
AUT,1997,26.4
AUT,1998,26.4
AUT,1999,26.2
AUT,2000,26.1
AUT,2001,26.2
AUT,2002,26.3
AUT,2003,26.5
AUT,2004,26.6
AUT,2005,26.5
AUT,2006,27.1
AUT,2007,27.8
AUT,2008,28.1
AUT,2009,28.4
AUT,2010,28.1
AUT,2011,28.1
AUT,2012,27.9
AUT,2013,27.9
AUT,2014,27.8
AUT,2015,27.8
AUT,2016,27.9
AUT,2017,27.8
AUT,2018,27.8
AUT,2019,27.6
AUT,2020,27.6
AUT,2021,27.9
AUT,2022,28.1
AUT,2023,28.2
AZE,1988,30.1
AZE,1989,30.3
AZE,1990,30.6
AZE,1991,31
AZE,1992,31.3
AZE,1993,31.7
AZE,1994,32
AZE,1995,32.2
AZE,1996,31.9
AZE,1997,31.6
AZE,1998,31.3
AZE,1999,31
AZE,2000,30.6
AZE,2001,30.6
AZE,2002,29.1
AZE,2003,28.4
AZE,2004,27.9
AZE,2005,27.9
AZE,2006,28.2
AZE,2007,28.5
AZE,2008,28.8
BHS,2001,44.8
BHS,2002,44.6
BHS,2003,44.4
BHS,2004,44.2
BHS,2005,44.2
BHS,2006,44.3
BHS,2007,44.4
BHS,2008,44.4
BHS,2009,44.5
BHS,2010,44.5
BHS,2011,44.6
BHS,2012,44.6
BHS,2013,44.7
BHR,2014,47.9
BGD,1964,28.1
BGD,1965,28
BGD,1966,27.9
BGD,1967,27.8
BGD,1968,27.6
BGD,1969,27.5
BGD,1970,27.7
BGD,1971,27.9
BGD,1972,28.2
BGD,1973,28.4
BGD,1974,28.6
BGD,1975,28.9
BGD,1976,29.3
BGD,1977,29.6
BGD,1978,29.4
BGD,1979,29.2
BGD,1980,29.2
BGD,1981,29.1
BGD,1982,29.1
BGD,1983,28.9
BGD,1984,28.9
BGD,1985,29
BGD,1986,29.2
BGD,1987,29.4
BGD,1988,29.7
BGD,1989,29.9
BGD,1990,30.2
BGD,1991,30.5
BGD,1992,30.9
BGD,1993,31.3
BGD,1994,31.7
BGD,1995,32.2
BGD,1996,32.6
BGD,1997,32.8
BGD,1998,33
BGD,1999,33.3
BGD,2000,33.5
BGD,2001,33.6
BGD,2002,33.7
BGD,2003,33.8
BGD,2004,34
BGD,2005,34.1
BGD,2006,34.1
BGD,2007,34.1
BGD,2008,34.1
BGD,2009,34.1
BGD,2010,34.1
BGD,2011,34.1
BGD,2012,34
BGD,2013,34
BGD,2014,33.9
BGD,2015,33.9
BGD,2016,33.8
BGD,2017,33.8
BGD,2018,33.7
BGD,2019,33.7
BGD,2020,33.6
BGD,2021,33.5
BGD,2022,33.5
BRB,1979,45.1
BRB,1980,45.1
BRB,1981,45.1
BRB,1982,45.1
BRB,1983,45.1
BRB,1984,45.1
BRB,1985,45.1
BRB,1986,45.1
BRB,1987,45.1
BRB,1988,45
BRB,1989,45
BRB,1990,45
BRB,1991,45
BRB,1992,45
BRB,1993,44.9
BRB,1994,44.9
BRB,1995,44.9
BRB,1996,44.9
BRB,1997,44.8
BRB,1998,44.8
BRB,1999,44.8
BRB,2000,44.7
BRB,2001,44.7
BRB,2002,44.7
BRB,2003,44.6
BRB,2004,44.6
BRB,2005,44.6
BRB,2006,44.6
BRB,2007,44.5
BRB,2008,44.5
BRB,2009,44.5
BRB,2010,44.4
BRB,2011,44.1
BRB,2012,43.8
BRB,2013,43.5
BRB,2014,43.2
BRB,2015,42.9
BRB,2016,42.6
BRB,2017,42.4
BLR,1988,21.8
BLR,1989,21.7
BLR,1990,21.7
BLR,1991,21.9
BLR,1992,22
BLR,1993,22.2
BLR,1994,23
BLR,1995,23.9
BLR,1996,24.1
BLR,1997,24.5
BLR,1998,25.2
BLR,1999,25.4
BLR,2000,25.5
BLR,2001,25.4
BLR,2002,25.2
BLR,2003,24.8
BLR,2004,24.5
BLR,2005,24.6
BLR,2006,25
BLR,2007,25.3
BLR,2008,25.3
BLR,2009,25.3
BLR,2010,25.4
BLR,2011,25.4
BLR,2012,25.4
BLR,2013,25.3
BLR,2014,25.1
BLR,2015,24.9
BLR,2016,24.7
BLR,2017,24.6
BLR,2018,24.5
BLR,2019,24.5
BLR,2020,24.5
BLR,2021,24.9
BLR,2022,25
BLR,2023,25.2
BLR,2024,25.3
BEL,1974,39.9
BEL,1975,37.5
BEL,1976,35.1
BEL,1977,32.7
BEL,1978,30.3
BEL,1979,27.8
BEL,1980,27.1
BEL,1981,26.3
BEL,1982,25.5
BEL,1983,24.8
BEL,1984,24
BEL,1985,23.2
BEL,1986,23.3
BEL,1987,23.3
BEL,1988,23.4
BEL,1989,23.4
BEL,1990,23.4
BEL,1991,23.4
BEL,1992,23.4
BEL,1993,24
BEL,1994,24.6
BEL,1995,25.2
BEL,1996,25.3
BEL,1997,25.3
BEL,1998,25.5
BEL,1999,25.7
BEL,2000,25.9
BEL,2001,26
BEL,2002,26.2
BEL,2003,26.3
BEL,2004,26.7
BEL,2005,26.9
BEL,2006,27
BEL,2007,26.9
BEL,2008,26.6
BEL,2009,26.6
BEL,2010,26.5
BEL,2011,26.7
BEL,2012,26.6
BEL,2013,26.4
BEL,2014,26.3
BEL,2015,26.4
BEL,2016,26.3
BEL,2017,26.1
BEL,2018,25.9
BEL,2019,25.8
BEL,2020,25.3
BEL,2021,25.3
BEL,2022,25.1
BEL,2023,25.2
BLZ,1993,53
BLZ,1994,53.1
BLZ,1995,53.1
BLZ,1996,52.9
BLZ,1997,52.7
BLZ,1998,52.3
BLZ,1999,52
BLZ,2000,51.7
BLZ,2001,51.4
BLZ,2002,51.1
BLZ,2003,51
BLZ,2004,50.8
BLZ,2005,50.7
BLZ,2006,50.5
BLZ,2007,50.4
BLZ,2008,50.2
BLZ,2009,50.1
BLZ,2010,50
BLZ,2011,49.8
BLZ,2012,49.8
BLZ,2013,49.7
BLZ,2014,49.6
BLZ,2015,49.5
BLZ,2016,49.4
BLZ,2017,49.3
BLZ,2018,49.2
BEN,2002,43.3
BEN,2003,43.3
BEN,2004,43.8
BEN,2005,44.3
BEN,2006,44.8
BEN,2007,45.1
BEN,2008,45.2
BEN,2009,45.3
BEN,2010,45.2
BEN,2011,45.2
BEN,2012,45.1
BEN,2013,45.1
BEN,2014,45
BEN,2015,44.9
BEN,2016,44.5
BEN,2017,44.2
BEN,2018,43.8
BEN,2019,43.5
BEN,2020,43.3
BEN,2021,43.1
BTN,2003,40.8
BTN,2004,40.8
BTN,2005,40.7
BTN,2006,40.5
BTN,2007,40.3
BTN,2008,40.1
BTN,2009,39.9
BTN,2010,39.7
BTN,2011,39.5
BTN,2012,39.3
BTN,2013,39.1
BTN,2014,38.8
BTN,2015,38.6
BTN,2016,38.3
BTN,2017,38.1
BTN,2018,37.8
BTN,2019,37.5
BTN,2020,37.2
BTN,2021,37
BTN,2022,36.7
BOL,1992,48.7
BOL,1993,49.4
BOL,1994,50.2
BOL,1995,50.9
BOL,1996,51.6
BOL,1997,52.3
BOL,1998,53.1
BOL,1999,53.8
BOL,2000,54.5
BOL,2001,54.3
BOL,2002,54.2
BOL,2003,53.6
BOL,2004,53.1
BOL,2005,52.7
BOL,2006,51.7
BOL,2007,50.3
BOL,2008,48.6
BOL,2009,47.1
BOL,2010,46
BOL,2011,44.9
BOL,2012,44.4
BOL,2013,44.1
BOL,2014,43.7
BOL,2015,43
BOL,2016,42.2
BOL,2017,41.5
BOL,2018,40.5
BOL,2019,39.9
BOL,2020,39.7
BOL,2021,39.1
BOL,2022,39
BOL,2023,39
BOL,2024,38.9
BIH,2001,37.8
BIH,2002,38.1
BIH,2003,38.5
BIH,2004,38.9
BIH,2005,39.1
BIH,2006,39.2
BIH,2007,39.3
BIH,2008,39.2
BIH,2009,39.1
BIH,2010,39
BIH,2011,38.9
BIH,2012,38.8
BIH,2013,38.7
BIH,2014,38.6
BIH,2015,38.5
BIH,2016,38.4
BIH,2017,38.4
BIH,2018,38.4
BIH,2019,38.3
BIH,2020,38.3
BIH,2021,38.2
BWA,1985,55.7
BWA,1986,55.8
BWA,1987,55.9
BWA,1988,56
BWA,1989,56.1
BWA,1990,56.2
BWA,1991,56.3
BWA,1992,56.4
BWA,1993,56.5
BWA,1994,56.5
BWA,1995,56.6
BWA,1996,56.8
BWA,1997,56.9
BWA,1998,57
BWA,1999,57.2
BWA,2000,57.3
BWA,2001,57.4
BWA,2002,57.6
BWA,2003,57.4
BWA,2004,57.4
BWA,2005,57.3
BWA,2006,57.4
BWA,2007,57.5
BWA,2008,57.5
BWA,2009,57.6
BWA,2010,57.7
BWA,2011,57.6
BWA,2012,57.6
BWA,2013,57.6
BWA,2014,57.6
BWA,2015,57.5
BRA,1960,28.9
BRA,1961,30.7
BRA,1962,32.4
BRA,1963,34.2
BRA,1964,36
BRA,1965,37.7
BRA,1966,39.5
BRA,1967,41.2
BRA,1968,43
BRA,1969,44.7
BRA,1970,46.5
BRA,1971,48.1
BRA,1972,49.7
BRA,1973,50.6
BRA,1974,51.5
BRA,1975,52
BRA,1976,52.6
BRA,1977,53
BRA,1978,53.1
BRA,1979,53.1
BRA,1980,53.3
BRA,1981,53.4
BRA,1982,53.9
BRA,1983,54.1
BRA,1984,53
BRA,1985,53.7
BRA,1986,53.8
BRA,1987,54.6
BRA,1988,56.7
BRA,1989,57.8
BRA,1990,56.9
BRA,1991,55.8
BRA,1992,54.8
BRA,1993,56
BRA,1994,56.3
BRA,1995,56.7
BRA,1996,56.4
BRA,1997,56.1
BRA,1998,55.7
BRA,1999,54.9
BRA,2000,54.3
BRA,2001,53.6
BRA,2002,52.9
BRA,2003,52
BRA,2004,51.3
BRA,2005,50.1
BRA,2006,49.3
BRA,2007,48.4
BRA,2008,47.7
BRA,2009,47.2
BRA,2010,46.7
BRA,2011,46.2
BRA,2012,45.3
BRA,2013,45.2
BRA,2014,44.6
BRA,2015,44.8
BRA,2016,46.2
BRA,2017,47.1
BRA,2018,47.4
BRA,2019,47.2
BRA,2020,45.8
BRA,2021,46.4
BRA,2022,45.5
BRA,2023,45.3
BRA,2024,45.2
BRN,1981,48.7
BGR,1989,27.5
BGR,1990,27.8
BGR,1991,28.4
BGR,1992,29.1
BGR,1993,30
BGR,1994,30.8
BGR,1995,31.6
BGR,1996,32.1
BGR,1997,32.2
BGR,1998,32.4
BGR,1999,32.5
BGR,2000,32.7
BGR,2001,33
BGR,2002,33
BGR,2003,33
BGR,2004,33.1
BGR,2005,33.1
BGR,2006,33.2
BGR,2007,33.2
BGR,2008,33
BGR,2009,33.1
BGR,2010,33.5
BGR,2011,34
BGR,2012,34.7
BGR,2013,35.4
BGR,2014,36.2
BGR,2015,37
BGR,2016,37.7
BGR,2017,38.1
BGR,2018,38.3
BGR,2019,38.4
BGR,2020,38.2
BGR,2021,38
BGR,2022,37.9
BGR,2023,37.8
BFA,1994,47.3
BFA,1995,47.3
BFA,1996,47.3
BFA,1997,47.3
BFA,1998,47.3
BFA,1999,47
BFA,2000,46.6
BFA,2001,46.2
BFA,2002,45.9
BFA,2003,45.5
BFA,2004,45
BFA,2005,44.6
BFA,2006,44.1
BFA,2007,43.6
BFA,2008,43.1
BFA,2009,42.6
BFA,2010,42.3
BFA,2011,41.9
BFA,2012,41.5
BFA,2013,41.1
BFA,2014,40.8
BFA,2015,40.8
BFA,2016,40.8
BFA,2017,40.9
BFA,2018,40.9
BFA,2019,40.8
BFA,2020,40.8
BFA,2021,40.7
BDI,1992,38.5
BDI,1993,38.7
BDI,1994,38.9
BDI,1995,39.1
BDI,1996,39.3
BDI,1997,39.5
BDI,1998,39.7
BDI,1999,39.5
BDI,2000,39.3
BDI,2001,39.2
BDI,2002,39
BDI,2003,38.8
BDI,2004,38.6
BDI,2005,38.5
BDI,2006,38.3
BDI,2007,38.4
BDI,2008,38.4
BDI,2009,38.5
BDI,2010,38.5
BDI,2011,38.5
BDI,2012,38.6
BDI,2013,38.7
BDI,2014,38.7
BDI,2015,38.7
BDI,2016,38.7
BDI,2017,38.7
BDI,2018,38.7
BDI,2019,38.7
BDI,2020,38.7
KHM,1997,37.3
KHM,1998,37.2
KHM,1999,37.1
KHM,2000,37
KHM,2001,36.9
KHM,2002,36.8
KHM,2003,36.7
KHM,2004,36.6
KHM,2005,36.5
KHM,2006,36.4
KHM,2007,36.3
KHM,2008,36.2
KHM,2009,36
KHM,2010,35.8
KHM,2011,35.6
KHM,2012,35.4
CMR,1996,44.1
CMR,1997,44.1
CMR,1998,44.2
CMR,1999,44.2
CMR,2000,44.2
CMR,2001,44.2
CMR,2002,44.3
CMR,2003,44.4
CMR,2004,44.4
CMR,2005,44.5
CMR,2006,44.6
CMR,2007,44.6
CMR,2008,44.7
CMR,2009,44.7
CMR,2010,44.9
CMR,2011,44.9
CMR,2012,45
CMR,2013,45.1
CMR,2014,45.2
CMR,2015,45.1
CMR,2016,45.1
CMR,2017,45.1
CMR,2018,45.1
CMR,2019,45
CMR,2020,45
CMR,2021,45
CAN,1969,29.3
CAN,1970,30.5
CAN,1971,31.7
CAN,1972,31.1
CAN,1973,30.5
CAN,1974,30.1
CAN,1975,30.1
CAN,1976,29.3
CAN,1977,29.7
CAN,1978,28.7
CAN,1979,29.7
CAN,1980,28.4
CAN,1981,29.4
CAN,1982,29.6
CAN,1983,29.6
CAN,1984,30.4
CAN,1985,30.2
CAN,1986,29
CAN,1987,28.9
CAN,1988,28.6
CAN,1989,28.4
CAN,1990,28.8
CAN,1991,29.1
CAN,1992,28.8
CAN,1993,28.8
CAN,1994,28.6
CAN,1995,28.9
CAN,1996,30
CAN,1997,30.6
CAN,1998,31
CAN,1999,31.2
CAN,2000,31.5
CAN,2001,31.7
CAN,2002,31.7
CAN,2003,31.8
CAN,2004,31.9
CAN,2005,31.9
CAN,2006,31.8
CAN,2007,31.8
CAN,2008,31.9
CAN,2009,31.9
CAN,2010,31.8
CAN,2011,31.6
CAN,2012,31.7
CAN,2013,31.8
CAN,2014,31.6
CAN,2015,31.6
CAN,2016,31.1
CAN,2017,31.1
CAN,2018,30.5
CAN,2019,29.8
CAN,2020,28.7
CAN,2021,29.2
CAN,2022,29.8
CAN,2023,30.3
CPV,1999,50.7
CPV,2000,50.8
CPV,2001,51
CPV,2002,50.9
CPV,2003,50.7
CPV,2004,50.5
CPV,2005,50.2
CPV,2006,49.9
CPV,2007,49.6
CPV,2008,49.5
CPV,2009,49.3
CPV,2010,49.2
CPV,2011,49
CPV,2012,48.9
CPV,2013,48.7
CPV,2014,48.6
CPV,2015,48.4
CAF,1992,52.3
CAF,1993,52.3
CAF,1994,52.2
CAF,1995,52.2
CAF,1996,52.2
CAF,1997,52.1
CAF,1998,52.1
CAF,1999,52.1
CAF,2000,52
CAF,2001,52
CAF,2002,51.9
CAF,2003,51.9
CAF,2004,51.9
CAF,2005,51.8
CAF,2006,52
CAF,2007,52.1
CAF,2008,52.3
CAF,2009,52.1
CAF,2010,52
CAF,2011,51.8
CAF,2012,51.7
CAF,2013,51.5
CAF,2014,51.3
CAF,2015,51.2
CAF,2016,51
CAF,2017,50.9
CAF,2018,50.7
CAF,2019,50.6
CAF,2020,50.4
CAF,2021,50.3
TCD,2003,41.2
TCD,2004,41.3
TCD,2005,41.4
TCD,2006,41.5
TCD,2007,41.6
TCD,2008,41.7
TCD,2009,41.8
TCD,2010,41.8
TCD,2011,41.9
TCD,2012,41.7
TCD,2013,41.6
TCD,2014,41.5
TCD,2015,41.4
TCD,2016,41.2
TCD,2017,41.1
TCD,2018,40.9
TCD,2019,40.9
TCD,2020,40.8
TCD,2021,40.8
TCD,2022,40.7
CHL,1968,44.8
CHL,1969,45.1
CHL,1970,45.3
CHL,1971,45.5
CHL,1972,45.8
CHL,1973,46.1
CHL,1974,46.4
CHL,1975,46.7
CHL,1976,47
CHL,1977,47.3
CHL,1978,47.6
CHL,1979,47.9
CHL,1980,48.2
CHL,1981,48.6
CHL,1982,48.9
CHL,1983,49.2
CHL,1984,49.4
CHL,1985,49.7
CHL,1986,50.2
CHL,1987,50.7
CHL,1988,50.7
CHL,1989,50.6
CHL,1990,50.6
CHL,1991,50.5
CHL,1992,50.6
CHL,1993,50.7
CHL,1994,50.7
CHL,1995,50.7
CHL,1996,50.7
CHL,1997,50.8
CHL,1998,50.8
CHL,1999,50.8
CHL,2000,50.8
CHL,2001,50.5
CHL,2002,50.2
CHL,2003,49.9
CHL,2004,49.3
CHL,2005,48.6
CHL,2006,48
CHL,2007,47.8
CHL,2008,47.6
CHL,2009,47.4
CHL,2010,47
CHL,2011,46.7
CHL,2012,46.4
CHL,2013,46.1
CHL,2014,45.8
CHL,2015,45.5
CHL,2016,45.7
CHL,2017,45.9
CHL,2018,46.2
CHL,2019,46.5
CHL,2020,46.8
CHL,2021,45.2
CHL,2022,43.6
CHL,2023,43.5
CHL,2024,43.4
CHN,1978,28.4
CHN,1979,28.2
CHN,1980,28
CHN,1981,27.6
CHN,1982,27
CHN,1983,26.9
CHN,1984,27.1
CHN,1985,28.1
CHN,1986,29.2
CHN,1987,30
CHN,1988,31.2
CHN,1989,32
CHN,1990,32.6
CHN,1991,33.2
CHN,1992,34.2
CHN,1993,35.1
CHN,1994,35.8
CHN,1995,36.2
CHN,1996,36.2
CHN,1997,36.6
CHN,1998,37.2
CHN,1999,38
CHN,2000,39
CHN,2001,40.1
CHN,2002,41.2
CHN,2003,41.7
CHN,2004,42.2
CHN,2005,42.5
CHN,2006,42.8
CHN,2007,43.1
CHN,2008,43.3
CHN,2009,43.2
CHN,2010,43.1
CHN,2011,43
CHN,2012,42.1
CHN,2013,41.2
CHN,2014,41.6
CHN,2015,41.5
CHN,2016,41.5
CHN,2017,41.4
CHN,2018,41.3
CHN,2019,41.1
CHN,2020,41
CHN,2021,40.8
CHN,2022,40.8
CHN,2023,40.8
COL,1970,41.1
COL,1971,42.7
COL,1972,44
COL,1973,44.4
COL,1974,44.8
COL,1975,45.3
COL,1976,45.8
COL,1977,46.3
COL,1978,46.8
COL,1979,47.1
COL,1980,47.3
COL,1981,47.6
COL,1982,47.8
COL,1983,48.1
COL,1984,48.3
COL,1985,48.6
COL,1986,48.8
COL,1987,49.1
COL,1988,49.3
COL,1989,49.5
COL,1990,49.8
COL,1991,50
COL,1992,50.2
COL,1993,50.6
COL,1994,51
COL,1995,51.2
COL,1996,51.4
COL,1997,51.5
COL,1998,51.6
COL,1999,51.6
COL,2000,51.6
COL,2001,51.4
COL,2002,51.8
COL,2003,50.9
COL,2004,51.2
COL,2005,51.3
COL,2006,51.5
COL,2007,53.3
COL,2008,52.5
COL,2009,51.3
COL,2010,50.9
COL,2011,50
COL,2012,49.2
COL,2013,49
COL,2014,48.6
COL,2015,47.4
COL,2016,46.9
COL,2017,46.3
COL,2018,46.7
COL,2019,48
COL,2020,49.4
COL,2021,49.2
COL,2022,51.1
COL,2023,50.9
COL,2024,50.9
COM,2004,50.2
COM,2005,50
COM,2006,49.5
COM,2007,49
COM,2008,48.5
COM,2009,48
COM,2010,47.5
COM,2011,47
COM,2012,46.5
COM,2013,46
COM,2014,45.5
COM,2015,44.9
COM,2016,44.4
COM,2017,43.8
COM,2018,43.3
COM,2019,42.7
COM,2020,42.1
COM,2021,41.8
COM,2022,41.5
COM,2023,41.1
COM,2024,40.8
COG,2005,47.2
COG,2006,47.3
COG,2007,47.5
COG,2008,47.7
COG,2009,47.9
COG,2010,48
COG,2011,48.2
COD,2004,43.6
COD,2005,43.7
COD,2006,43.8
COD,2007,43.8
COD,2008,43.8
COD,2009,43.9
COD,2010,43.9
COD,2011,44
COD,2012,44
COD,2013,44.1
COD,2014,44.1
COD,2015,44.2
COD,2016,44.2
COD,2017,44.3
COD,2018,44.3
COD,2019,44.3
COD,2020,44.4
CRI,1961,42.5
CRI,1962,42.5
CRI,1963,42.4
CRI,1964,42.3
CRI,1965,42.2
CRI,1966,42.1
CRI,1967,42
CRI,1968,41.9
CRI,1969,41.8
CRI,1970,41.7
CRI,1971,41.6
CRI,1972,41.4
CRI,1973,41.3
CRI,1974,41.1
CRI,1975,40.9
CRI,1976,40.8
CRI,1977,40.6
CRI,1978,40.4
CRI,1979,40.3
CRI,1980,40.1
CRI,1981,39.9
CRI,1982,39.5
CRI,1983,39.2
CRI,1984,39.1
CRI,1985,38.9
CRI,1986,38.9
CRI,1987,39.3
CRI,1988,39.9
CRI,1989,40.6
CRI,1990,41.1
CRI,1991,41.5
CRI,1992,41.8
CRI,1993,42
CRI,1994,42.3
CRI,1995,42.4
CRI,1996,42.6
CRI,1997,42.9
CRI,1998,43.3
CRI,1999,44
CRI,2000,44.8
CRI,2001,45.7
CRI,2002,46
CRI,2003,45.7
CRI,2004,45.5
CRI,2005,45.4
CRI,2006,45.6
CRI,2007,45.7
CRI,2008,45.8
CRI,2009,46
CRI,2010,45.9
CRI,2011,46.1
CRI,2012,46.3
CRI,2013,46.6
CRI,2014,46.4
CRI,2015,46.3
CRI,2016,46.3
CRI,2017,46.2
CRI,2018,46.1
CRI,2019,46.2
CRI,2020,46.3
CRI,2021,46
CRI,2022,45.5
CRI,2023,45.1
CRI,2024,44.7
CRI,2025,44.6
HRV,1988,27.6
HRV,1989,27.9
HRV,1990,27.9
HRV,1991,28
HRV,1992,28
HRV,1993,28.1
HRV,1994,28.1
HRV,1995,28.1
HRV,1996,28.2
HRV,1997,28.2
HRV,1998,28.3
HRV,1999,27.9
HRV,2000,27.5
HRV,2001,27
HRV,2002,26.6
HRV,2003,26.4
HRV,2004,26.4
HRV,2005,26.3
HRV,2006,26.4
HRV,2007,26.7
HRV,2008,27.4
HRV,2009,28
HRV,2010,28.6
HRV,2011,28.8
HRV,2012,29
HRV,2013,29.1
HRV,2014,29.1
HRV,2015,28.9
HRV,2016,28.8
HRV,2017,28.6
HRV,2018,28.4
HRV,2019,28.2
HRV,2020,28.1
HRV,2021,28.1
HRV,2022,28.2
HRV,2023,28.2
CYP,1985,30.5
CYP,1986,30.4
CYP,1987,30.4
CYP,1988,30.3
CYP,1989,30.1
CYP,1990,30
CYP,1991,29.9
CYP,1992,29.9
CYP,1993,29.8
CYP,1994,29.7
CYP,1995,29.6
CYP,1996,29.6
CYP,1997,29.5
CYP,1998,29.4
CYP,1999,29.3
CYP,2000,29.2
CYP,2001,29.2
CYP,2002,29.1
CYP,2003,29
CYP,2004,28.9
CYP,2005,28.9
CYP,2006,28.9
CYP,2007,29
CYP,2008,29.2
CYP,2009,29.4
CYP,2010,29.6
CYP,2011,29.9
CYP,2012,30.2
CYP,2013,30.5
CYP,2014,30.5
CYP,2015,30.4
CYP,2016,30.2
CYP,2017,29.9
CYP,2018,29.8
CYP,2019,29.6
CYP,2020,29.5
CYP,2021,29.4
CYP,2022,29.4
CYP,2023,29.4
CZE,1988,33.2
CZE,1989,25
CZE,1990,23.1
CZE,1991,22.3
CZE,1992,21.2
CZE,1993,21.6
CZE,1994,22.9
CZE,1995,24
CZE,1996,25.3
CZE,1997,25
CZE,1998,24.7
CZE,1999,24.8
CZE,2000,25
CZE,2001,25.3
CZE,2002,25.5
CZE,2003,25.7
CZE,2004,25.8
CZE,2005,25.8
CZE,2006,25.6
CZE,2007,25.4
CZE,2008,25.5
CZE,2009,25.5
CZE,2010,25.5
CZE,2011,25.5
CZE,2012,25.5
CZE,2013,25.7
CZE,2014,25.7
CZE,2015,25.6
CZE,2016,25.4
CZE,2017,25.1
CZE,2018,25
CZE,2019,25
CZE,2020,25.2
CZE,2021,25.2
CZE,2022,25
CZE,2023,24.6
CSK,1965,23.3
CSK,1966,23
CSK,1967,22.8
CSK,1968,22.5
CSK,1969,22.2
CSK,1970,22
CSK,1971,21.7
CSK,1972,21.5
CSK,1973,21.2
CSK,1974,21.1
CSK,1975,20.9
CSK,1976,20.7
CSK,1977,20.6
CSK,1978,20.5
CSK,1979,20.4
CSK,1980,20.3
CSK,1981,20.3
CSK,1982,20.2
CSK,1983,20.1
CSK,1984,20.1
CSK,1985,20
CSK,1986,20
CSK,1987,20
CSK,1988,20
CSK,1989,20
CIV,1985,47.7
CIV,1986,47.4
CIV,1987,47.3
CIV,1988,47.2
CIV,1989,47.3
CIV,1990,47.5
CIV,1991,47.6
CIV,1992,47.8
CIV,1993,48
CIV,1994,48.1
CIV,1995,48.3
CIV,1996,48.6
CIV,1997,48.9
CIV,1998,49.2
CIV,1999,49.9
CIV,2000,50.6
CIV,2001,51.3
CIV,2002,52.1
CIV,2003,52.2
CIV,2004,52.3
CIV,2005,52.5
CIV,2006,52.6
CIV,2007,52.7
CIV,2008,52.8
CIV,2009,52.9
CIV,2010,52.9
CIV,2011,53
CIV,2012,53
CIV,2013,53.1
CIV,2014,53.1
CIV,2015,53.2
CIV,2016,52.2
CIV,2017,51.2
CIV,2018,50.3
CIV,2019,49.7
CIV,2020,49.2
CIV,2021,48.7
DNK,1976,24.3
DNK,1977,24
DNK,1978,23.7
DNK,1979,23.4
DNK,1980,23.1
DNK,1981,23.1
DNK,1982,22.9
DNK,1983,22.6
DNK,1984,22.4
DNK,1985,22.3
DNK,1986,22.8
DNK,1987,24.3
DNK,1988,23
DNK,1989,22.5
DNK,1990,22.6
DNK,1991,22.7
DNK,1992,23.4
DNK,1993,22.8
DNK,1994,22.2
DNK,1995,22
DNK,1996,22.1
DNK,1997,22.3
DNK,1998,22.5
DNK,1999,22.6
DNK,2000,22.6
DNK,2001,22.8
DNK,2002,23
DNK,2003,23.1
DNK,2004,23.1
DNK,2005,23.7
DNK,2006,24.3
DNK,2007,24.1
DNK,2008,24.4
DNK,2009,24.7
DNK,2010,25.1
DNK,2011,25.6
DNK,2012,25.7
DNK,2013,25.3
DNK,2014,26.5
DNK,2015,27.4
DNK,2016,27.5
DNK,2017,27.7
DNK,2018,27.8
DNK,2019,28
DNK,2020,28
DNK,2021,28.5
DNK,2022,28.8
DNK,2023,28.8
DNK,2024,28.8
DJI,1996,40.7
DJI,1997,40.8
DJI,1998,40.9
DJI,1999,41
DJI,2000,41.2
DJI,2001,41.3
DJI,2002,41.4
DJI,2003,41.5
DJI,2004,41.7
DJI,2005,41.8
DJI,2006,42
DJI,2007,42.1
DJI,2008,42.3
DJI,2009,42.4
DJI,2010,42.6
DJI,2011,42.8
DJI,2012,42.9
DJI,2013,43
DJI,2014,43
DJI,2015,43
DJI,2016,43
DJI,2017,43
DMA,2002,44.7
DMA,2003,45
DMA,2004,45.2
DMA,2005,45.4
DMA,2006,45.7
DMA,2007,45.9
DMA,2008,46.1
DMA,2009,46.2
DMA,2010,46.3
DOM,1986,45.6
DOM,1987,45.8
DOM,1988,45.9
DOM,1989,46.1
DOM,1990,46.2
DOM,1991,46.3
DOM,1992,46.4
DOM,1993,46.4
DOM,1994,46.4
DOM,1995,46.4
DOM,1996,46.5
DOM,1997,47
DOM,1998,47.5
DOM,1999,48
DOM,2000,48.6
DOM,2001,48.5
DOM,2002,48.7
DOM,2003,49.3
DOM,2004,49.5
DOM,2005,49.3
DOM,2006,49.8
DOM,2007,48.9
DOM,2008,47.6
DOM,2009,47
DOM,2010,46.3
DOM,2011,45.8
DOM,2012,45.1
DOM,2013,44.7
DOM,2014,43.6
DOM,2015,43
DOM,2016,42
DOM,2017,41.1
DOM,2018,40.5
DOM,2019,39.6
DOM,2020,38.3
DOM,2021,37.3
DOM,2022,36.6
DOM,2023,36.7
DOM,2024,37
ECU,1994,50.6
ECU,1995,50.7
ECU,1996,50.9
ECU,1997,51.1
ECU,1998,51.2
ECU,1999,51.5
ECU,2000,51.2
ECU,2001,50.8
ECU,2002,50.4
ECU,2003,50.1
ECU,2004,49.6
ECU,2005,49.2
ECU,2006,48.6
ECU,2007,47.9
ECU,2008,46.8
ECU,2009,45.8
ECU,2010,45
ECU,2011,44
ECU,2012,43.4
ECU,2013,43.1
ECU,2014,42.6
ECU,2015,42.4
ECU,2016,42.1
ECU,2017,42
ECU,2018,42
ECU,2019,42.2
ECU,2020,42.3
ECU,2021,42.1
ECU,2022,41.8
ECU,2023,41.6
ECU,2024,41.5
ECU,2025,41.6
EGY,1975,33
EGY,1976,32.9
EGY,1977,32.9
EGY,1978,32.8
EGY,1979,32.8
EGY,1980,32.8
EGY,1981,32.7
EGY,1982,32.7
EGY,1983,32.6
EGY,1984,32.6
EGY,1985,32.5
EGY,1986,32.5
EGY,1987,32.5
EGY,1988,32.4
EGY,1989,32.4
EGY,1990,32.4
EGY,1991,32.3
EGY,1992,32.4
EGY,1993,32.4
EGY,1994,32.3
EGY,1995,32.3
EGY,1996,32.5
EGY,1997,32.6
EGY,1998,32.6
EGY,1999,32.7
EGY,2000,32.9
EGY,2001,32.7
EGY,2002,32.5
EGY,2003,32.2
EGY,2004,32
EGY,2005,31.8
EGY,2006,31.5
EGY,2007,31.2
EGY,2008,30.8
EGY,2009,30.8
EGY,2010,30.4
EGY,2011,30.1
EGY,2012,29.8
EGY,2013,30
EGY,2014,30.2
EGY,2015,30.3
EGY,2016,30.1
EGY,2017,29.9
EGY,2018,30.3
EGY,2019,30.2
EGY,2020,30.6
EGY,2021,30.9
EGY,2022,31.5
EGY,2023,32
SLV,1989,47.3
SLV,1990,47.4
SLV,1991,47.6
SLV,1992,47.6
SLV,1993,47.7
SLV,1994,47.7
SLV,1995,47.7
SLV,1996,47.8
SLV,1997,47.9
SLV,1998,47.9
SLV,1999,47.9
SLV,2000,47.8
SLV,2001,47.5
SLV,2002,47.1
SLV,2003,46.4
SLV,2004,45.5
SLV,2005,44.8
SLV,2006,43.9
SLV,2007,43.3
SLV,2008,43
SLV,2009,42.3
SLV,2010,41.4
SLV,2011,40.6
SLV,2012,40.1
SLV,2013,39.9
SLV,2014,39.2
SLV,2015,38.5
SLV,2016,37.9
SLV,2017,37.3
SLV,2018,37.1
SLV,2019,37.1
SLV,2020,37.1
SLV,2021,37.1
SLV,2022,37.1
SLV,2023,37.2
GNQ,2006,45.5
GNQ,2007,45.4
GNQ,2008,45.3
GNQ,2009,45.2
GNQ,2010,45.1
GNQ,2011,44.9
GNQ,2012,44.8
GNQ,2013,44.7
GNQ,2014,44.6
GNQ,2015,44.4
GNQ,2016,44.3
GNQ,2017,44.2
GNQ,2018,44.1
GNQ,2019,44
GNQ,2020,43.9
GNQ,2021,43.8
GNQ,2022,43.7
EST,1988,26.6
EST,1989,27.1
EST,1990,27.7
EST,1991,28.9
EST,1992,30.2
EST,1993,31.4
EST,1994,32.3
EST,1995,32.8
EST,1996,33.1
EST,1997,33.8
EST,1998,34.4
EST,1999,34.7
EST,2000,35
EST,2001,34.8
EST,2002,34.5
EST,2003,34.5
EST,2004,34
EST,2005,33.3
EST,2006,32.7
EST,2007,31.9
EST,2008,31.4
EST,2009,31.4
EST,2010,31.8
EST,2011,32.2
EST,2012,32.6
EST,2013,33.4
EST,2014,32.9
EST,2015,32.1
EST,2016,31.3
EST,2017,30.6
EST,2018,30.2
EST,2019,30.4
EST,2020,30.6
EST,2021,30.9
EST,2022,31
EST,2023,30.8
EST,2024,30.7
SWZ,1985,50.9
SWZ,1986,51.4
SWZ,1987,52
SWZ,1988,52.6
SWZ,1989,53.2
SWZ,1990,53.8
SWZ,1991,54.3
SWZ,1992,54.9
SWZ,1993,55.5
SWZ,1994,56.1
SWZ,1995,56.4
SWZ,1996,56.7
SWZ,1997,57
SWZ,1998,57.4
SWZ,1999,57.7
SWZ,2000,58
SWZ,2001,58.1
SWZ,2002,58.3
SWZ,2003,58.4
SWZ,2004,58.6
SWZ,2005,58.7
SWZ,2006,58.9
SWZ,2007,59
SWZ,2008,59.1
SWZ,2009,59.3
SWZ,2010,59.4
SWZ,2011,59.6
SWZ,2012,59.7
SWZ,2013,59.8
SWZ,2014,59.9
SWZ,2015,60
SWZ,2016,60.2
ETH,1995,34.9
ETH,1996,34.4
ETH,1997,33.9
ETH,1998,33.4
ETH,1999,33
ETH,2000,32.7
ETH,2001,32.6
ETH,2002,32.5
ETH,2003,32.4
ETH,2004,32.3
ETH,2005,32.4
ETH,2006,32.5
ETH,2007,32.5
ETH,2008,32.6
ETH,2009,32.7
ETH,2010,32.8
ETH,2011,32.8
ETH,2012,32.9
ETH,2013,33
ETH,2014,33.1
ETH,2015,33.2
ETH,2016,33.2
ETH,2017,33.2
ETH,2018,33.2
ETH,2019,33.1
ETH,2020,33.1
ETH,2021,33.1
FJI,1977,42
FJI,1978,42
FJI,1979,42
FJI,1980,42
FJI,1981,42
FJI,1982,42
FJI,1983,42
FJI,1984,42
FJI,1985,42
FJI,1986,42
FJI,1987,42
FJI,1988,42.1
FJI,1989,42.1
FJI,1990,42.1
FJI,1991,42.1
FJI,1992,41.9
FJI,1993,41.8
FJI,1994,41.6
FJI,1995,41.4
FJI,1996,41.3
FJI,1997,41.1
FJI,1998,40.9
FJI,1999,40.7
FJI,2000,40.6
FJI,2001,40.4
FJI,2002,40.2
FJI,2003,39.9
FJI,2004,40
FJI,2005,40
FJI,2006,39.8
FJI,2007,39.5
FJI,2008,39.3
FJI,2009,38.9
FJI,2010,38.7
FJI,2011,38.5
FJI,2012,38.3
FJI,2013,38.1
FJI,2014,37.9
FJI,2015,37.7
FJI,2016,37.5
FJI,2017,37.3
FJI,2018,37.1
FJI,2019,36.9
FIN,1966,25
FIN,1967,24.7
FIN,1968,24.4
FIN,1969,24.1
FIN,1970,23.8
FIN,1971,23.5
FIN,1972,23
FIN,1973,22.6
FIN,1974,22.1
FIN,1975,21.7
FIN,1976,21.2
FIN,1977,21.3
FIN,1978,21.4
FIN,1979,21.4
FIN,1980,21.5
FIN,1981,20.9
FIN,1982,20.8
FIN,1983,20.7
FIN,1984,20.7
FIN,1985,20.6
FIN,1986,20.5
FIN,1987,20.7
FIN,1988,20.8
FIN,1989,21
FIN,1990,21
FIN,1991,21
FIN,1992,21.4
FIN,1993,21.9
FIN,1994,22.1
FIN,1995,22.1
FIN,1996,22.9
FIN,1997,23.6
FIN,1998,24.1
FIN,1999,24.6
FIN,2000,25
FIN,2001,24.9
FIN,2002,24.9
FIN,2003,25.1
FIN,2004,25.4
FIN,2005,25.4
FIN,2006,25.6
FIN,2007,25.7
FIN,2008,25.3
FIN,2009,25.1
FIN,2010,25.6
FIN,2011,25.5
FIN,2012,25.3
FIN,2013,25.6
FIN,2014,25.3
FIN,2015,25.5
FIN,2016,25.7
FIN,2017,25.9
FIN,2018,26
FIN,2019,26.2
FIN,2020,26
FIN,2021,26.3
FIN,2022,26.3
FIN,2023,26.2
FRA,1962,27.4
FRA,1963,28.4
FRA,1964,29.3
FRA,1965,30.2
FRA,1966,30.9
FRA,1967,31.6
FRA,1968,32.3
FRA,1969,33.1
FRA,1970,33.7
FRA,1971,33.5
FRA,1972,33.2
FRA,1973,32.9
FRA,1974,32.6
FRA,1975,32.3
FRA,1976,31.8
FRA,1977,31.3
FRA,1978,30.8
FRA,1979,30.3
FRA,1980,30.2
FRA,1981,30.2
FRA,1982,30.1
FRA,1983,30.1
FRA,1984,30
FRA,1985,30
FRA,1986,30
FRA,1987,30
FRA,1988,30
FRA,1989,30
FRA,1990,29.1
FRA,1991,29
FRA,1992,29
FRA,1993,28.9
FRA,1994,28.8
FRA,1995,28.7
FRA,1996,28.6
FRA,1997,28.5
FRA,1998,28.3
FRA,1999,29
FRA,2000,29.3
FRA,2001,29.2
FRA,2002,29
FRA,2003,28.8
FRA,2004,29
FRA,2005,29.4
FRA,2006,29.7
FRA,2007,29.8
FRA,2008,29.9
FRA,2009,30.1
FRA,2010,30.7
FRA,2011,31.1
FRA,2012,30.9
FRA,2013,30.1
FRA,2014,29.9
FRA,2015,29.9
FRA,2016,29.7
FRA,2017,29.8
FRA,2018,30.1
FRA,2019,29.8
FRA,2020,29.3
FRA,2021,30
FRA,2022,29.9
FRA,2023,29.9
GAB,2005,41
GAB,2006,41
GAB,2007,41
GAB,2008,40.9
GAB,2009,40.9
GAB,2010,40.9
GAB,2011,40.8
GAB,2012,40.8
GAB,2013,40.8
GAB,2014,40.7
GAB,2015,40.7
GAB,2016,40.7
GAB,2017,40.6
GMB,1992,45.7
GMB,1993,45.7
GMB,1994,45.7
GMB,1995,45.7
GMB,1996,45.7
GMB,1997,45.7
GMB,1998,45.7
GMB,1999,45.6
GMB,2000,45.4
GMB,2001,45.3
GMB,2002,45.1
GMB,2003,44.9
GMB,2004,44.6
GMB,2005,44.3
GMB,2006,44
GMB,2007,43.6
GMB,2008,43.3
GMB,2009,43
GMB,2010,42.6
GMB,2011,42.3
GMB,2012,41.9
GMB,2013,41.5
GMB,2014,41.1
GMB,2015,40.8
GMB,2016,40.6
GMB,2017,40.6
GMB,2018,40.6
GMB,2019,40.5
GMB,2020,40.5
GEO,1988,30.6
GEO,1989,30.7
GEO,1990,31.2
GEO,1991,32.2
GEO,1992,33.1
GEO,1993,34
GEO,1994,35
GEO,1995,35.9
GEO,1996,36.9
GEO,1997,37.9
GEO,1998,38.8
GEO,1999,39.1
GEO,2000,39.3
GEO,2001,39.4
GEO,2002,39.2
GEO,2003,39.3
GEO,2004,39.5
GEO,2005,39.9
GEO,2006,40.3
GEO,2007,40.9
GEO,2008,41.6
GEO,2009,42.3
GEO,2010,42.4
GEO,2011,42
GEO,2012,41.2
GEO,2013,40.5
GEO,2014,39.8
GEO,2015,39.4
GEO,2016,39
GEO,2017,38.6
GEO,2018,37.8
GEO,2019,37.2
GEO,2020,36.4
GEO,2021,35.7
GEO,2022,35.4
GEO,2023,35.5
GEO,2024,35.4
DEU,1960,27.2
DEU,1961,27.6
DEU,1962,27.9
DEU,1963,28.3
DEU,1964,28.6
DEU,1965,28.7
DEU,1966,28.8
DEU,1967,29
DEU,1968,29.1
DEU,1969,28.9
DEU,1970,28.8
DEU,1971,28.3
DEU,1972,27.9
DEU,1973,27.4
DEU,1974,28.1
DEU,1975,27.9
DEU,1976,27.4
DEU,1977,26.9
DEU,1978,26.4
DEU,1979,26.5
DEU,1980,26.7
DEU,1981,26.5
DEU,1982,26.2
DEU,1983,26
DEU,1984,25.7
DEU,1985,25.4
DEU,1986,25
DEU,1987,25.2
DEU,1988,25.3
DEU,1989,25.6
DEU,1990,25.8
DEU,1991,26.2
DEU,1992,26.1
DEU,1993,25.8
DEU,1994,25.8
DEU,1995,25.6
DEU,1996,25.3
DEU,1997,25.2
DEU,1998,25.4
DEU,1999,25.9
DEU,2000,26.1
DEU,2001,26.7
DEU,2002,26.9
DEU,2003,27
DEU,2004,27.3
DEU,2005,28.2
DEU,2006,28.5
DEU,2007,28.6
DEU,2008,28.5
DEU,2009,28.5
DEU,2010,28.6
DEU,2011,28.7
DEU,2012,28.9
DEU,2013,29.1
DEU,2014,29
DEU,2015,29.2
DEU,2016,29.4
DEU,2017,29.6
DEU,2018,30
DEU,2019,30.3
DEU,2020,30.6
DEU,2021,31
DEU,2022,31
DEU,2023,30.9
GHA,1987,39
GHA,1988,39.1
GHA,1989,39.3
GHA,1990,39.5
GHA,1991,39.7
GHA,1992,39.9
GHA,1993,40.1
GHA,1994,40.3
GHA,1995,40.5
GHA,1996,40.7
GHA,1997,40.9
GHA,1998,41.2
GHA,1999,41.3
GHA,2000,41.6
GHA,2001,41.8
GHA,2002,42.1
GHA,2003,42.3
GHA,2004,42.6
GHA,2005,42.8
GHA,2006,42.9
GHA,2007,43.1
GHA,2008,43.2
GHA,2009,43.3
GHA,2010,43.4
GHA,2011,43.5
GHA,2012,43.6
GHA,2013,43.8
GHA,2014,43.8
GHA,2015,43.8
GHA,2016,43.9
GRC,1974,39.8
GRC,1975,39.3
GRC,1976,38.7
GRC,1977,38.1
GRC,1978,37.6
GRC,1979,37
GRC,1980,36.4
GRC,1981,35.9
GRC,1982,35.3
GRC,1983,35
GRC,1984,34.6
GRC,1985,34.3
GRC,1986,33.9
GRC,1987,33.7
GRC,1988,33.5
GRC,1989,33.6
GRC,1990,33.7
GRC,1991,33.7
GRC,1992,33.8
GRC,1993,33.9
GRC,1994,33.9
GRC,1995,34.3
GRC,1996,34.3
GRC,1997,34.2
GRC,1998,34.2
GRC,1999,34.1
GRC,2000,33.9
GRC,2001,33.7
GRC,2002,33.5
GRC,2003,33
GRC,2004,33.1
GRC,2005,33.2
GRC,2006,33
GRC,2007,32.7
GRC,2008,32.7
GRC,2009,32.6
GRC,2010,32.6
GRC,2011,32.8
GRC,2012,33
GRC,2013,33.3
GRC,2014,33.3
GRC,2015,33.3
GRC,2016,32.7
GRC,2017,31.9
GRC,2018,31
GRC,2019,31
GRC,2020,31.2
GRC,2021,31.1
GRC,2022,31.1
GRC,2023,31.1
GRL,2002,34.6
GRL,2003,34.6
GRL,2004,34.6
GRL,2005,34.5
GRL,2006,34.6
GRL,2007,34.6
GRL,2008,34.6
GRL,2009,34.7
GRL,2010,34.7
GRL,2011,34.8
GRL,2012,34.9
GRL,2013,35
GRL,2014,35.1
GRL,2015,35.2
GRL,2016,35.2
GRL,2017,35.2
GRL,2018,35.1
GRL,2019,35.1
GRL,2020,35
GRL,2021,35
GRL,2022,34.9
GRL,2023,34.9
GRL,2024,34.9
GRD,1998,47.5
GRD,1999,47.4
GRD,2000,47.3
GRD,2001,47.2
GRD,2002,47.1
GRD,2003,47
GRD,2004,46.9
GRD,2005,46.8
GRD,2006,46.7
GRD,2007,46.6
GRD,2008,46.5
GRD,2009,46.5
GRD,2010,46.6
GRD,2011,46.6
GRD,2012,46.7
GRD,2013,46.7
GRD,2014,46.8
GRD,2015,46.8
GRD,2016,46.9
GRD,2017,46.9
GRD,2018,47
GTM,1981,49.5
GTM,1982,49.6
GTM,1983,49.8
GTM,1984,49.9
GTM,1985,50
GTM,1986,50.1
GTM,1987,50.3
GTM,1988,50.5
GTM,1989,50.7
GTM,1990,50.6
GTM,1991,50.6
GTM,1992,50.6
GTM,1993,50.6
GTM,1994,50.5
GTM,1995,50.5
GTM,1996,50.5
GTM,1997,50.4
GTM,1998,50.4
GTM,1999,50.5
GTM,2000,50.6
GTM,2001,50.5
GTM,2002,50.4
GTM,2003,49.5
GTM,2004,48.4
GTM,2005,48.3
GTM,2006,48.2
GTM,2007,47.9
GTM,2008,47.6
GTM,2009,47.4
GTM,2010,47.1
GTM,2011,46.7
GTM,2012,45.9
GTM,2013,45
GTM,2014,44.1
GTM,2015,43.9
GTM,2016,43.7
GTM,2017,43.5
GTM,2018,43.2
GTM,2019,43
GTM,2020,42.8
GTM,2021,42.5
GTM,2022,42.3
GTM,2023,42.1
GIN,1991,43.8
GIN,1992,43.8
GIN,1993,43.8
GIN,1994,43.9
GIN,1995,43.7
GIN,1996,43.4
GIN,1997,43.2
GIN,1998,42.9
GIN,1999,42.6
GIN,2000,42.4
GIN,2001,42.1
GIN,2002,41.8
GIN,2003,41.3
GIN,2004,40.8
GIN,2005,40.3
GIN,2006,39.8
GIN,2007,39.3
GIN,2008,38.9
GIN,2009,38.5
GIN,2010,38.1
GIN,2011,37.7
GIN,2012,37.3
GIN,2013,37
GIN,2014,36.9
GIN,2015,36.6
GIN,2016,36.4
GIN,2017,36.2
GIN,2018,36
GNB,1991,43.7
GNB,1992,43.5
GNB,1993,43.4
GNB,1994,43.1
GNB,1995,42.9
GNB,1996,42.6
GNB,1997,42.4
GNB,1998,42.2
GNB,1999,41.9
GNB,2000,41.7
GNB,2001,41.5
GNB,2002,41.3
GNB,2003,41.5
GNB,2004,41.7
GNB,2005,41.9
GNB,2006,42.1
GNB,2007,42.4
GNB,2008,42.6
GNB,2009,42.9
GNB,2010,43.2
GNB,2011,42.8
GNB,2012,42.5
GNB,2013,42.2
GNB,2014,41.8
GNB,2015,41.5
GNB,2016,41.1
GNB,2017,40.8
GNB,2018,40.5
GNB,2019,40.3
GNB,2020,40.1
GNB,2021,40
GUY,1992,44.6
GUY,1993,44.9
GUY,1994,45.1
GUY,1995,45.2
GUY,1996,45.3
GUY,1997,45.5
GUY,1998,45.6
GUY,1999,45.8
GUY,2000,46
GUY,2001,46.2
GUY,2002,46.4
GUY,2003,46.6
GUY,2004,46.7
GUY,2005,46.9
GUY,2006,47.1
GUY,2007,47.3
HTI,2001,53.6
HTI,2002,53.6
HTI,2003,53.7
HTI,2004,53.8
HTI,2005,53.8
HTI,2006,53.9
HTI,2007,53.9
HTI,2008,54
HTI,2009,54.1
HTI,2010,54.1
HTI,2011,54.2
HTI,2012,54.3
HND,1988,50.4
HND,1989,50.6
HND,1990,50.8
HND,1991,50.8
HND,1992,51
HND,1993,51.2
HND,1994,51.3
HND,1995,51.5
HND,1996,51.6
HND,1997,51.8
HND,1998,52
HND,1999,52.1
HND,2000,52.2
HND,2001,52.4
HND,2002,52.7
HND,2003,53.1
HND,2004,53.3
HND,2005,53.3
HND,2006,52.8
HND,2007,52
HND,2008,51.2
HND,2009,50.1
HND,2010,49.7
HND,2011,49.2
HND,2012,48.7
HND,2013,47.8
HND,2014,47.1
HND,2015,46.6
HND,2016,46.3
HND,2017,46.1
HND,2018,45.8
HND,2019,45.5
HND,2020,45.3
HND,2021,45.1
HND,2022,44.7
HND,2023,44.4
HND,2024,44.3
HKG,1964,36.6
HKG,1965,36.6
HKG,1966,36.6
HKG,1967,36.6
HKG,1968,36.6
HKG,1969,36.6
HKG,1970,36.6
HKG,1971,36.6
HKG,1972,36.6
HKG,1973,36.6
HKG,1974,36.6
HKG,1975,36.7
HKG,1976,36.8
HKG,1977,36.9
HKG,1978,36.9
HKG,1979,37
HKG,1980,37.1
HKG,1981,37.2
HKG,1982,37.3
HKG,1983,37.4
HKG,1984,37.5
HKG,1985,37.7
HKG,1986,37.8
HKG,1987,37.9
HKG,1988,38.1
HKG,1989,38.3
HKG,1990,38.4
HKG,1991,38.6
HKG,1992,38.8
HKG,1993,38.9
HKG,1994,39
HKG,1995,39.2
HKG,1996,39.4
HKG,1997,39.5
HKG,1998,39.5
HKG,1999,39.6
HKG,2000,39.7
HKG,2001,39.8
HKG,2002,39.9
HKG,2003,39.9
HKG,2004,40
HKG,2005,40
HKG,2006,40.1
HKG,2007,40.2
HKG,2008,40.2
HKG,2009,40.2
HKG,2010,40.2
HKG,2011,40.3
HKG,2012,40.3
HKG,2013,40.3
HKG,2014,40.2
HKG,2015,40.2
HKG,2016,40.2
HKG,2017,40.2
HKG,2018,40.1
HKG,2019,40.1
HKG,2020,40
HKG,2021,40
HUN,1962,24.8
HUN,1963,24.5
HUN,1964,24.2
HUN,1965,23.9
HUN,1966,23.6
HUN,1967,23.3
HUN,1968,23.2
HUN,1969,23.1
HUN,1970,22.9
HUN,1971,22.7
HUN,1972,22.6
HUN,1973,22.5
HUN,1974,22.3
HUN,1975,22.1
HUN,1976,22
HUN,1977,21.8
HUN,1978,21.7
HUN,1979,21.7
HUN,1980,21.7
HUN,1981,21.6
HUN,1982,21.6
HUN,1983,21.7
HUN,1984,21.8
HUN,1985,21.9
HUN,1986,22
HUN,1987,22.2
HUN,1988,22.5
HUN,1989,23.1
HUN,1990,24.5
HUN,1991,25.8
HUN,1992,26.5
HUN,1993,26.8
HUN,1994,28.1
HUN,1995,28.1
HUN,1996,28.1
HUN,1997,28
HUN,1998,28
HUN,1999,28.1
HUN,2000,28
HUN,2001,27.9
HUN,2002,27.7
HUN,2003,28.3
HUN,2004,28.3
HUN,2005,27.9
HUN,2006,27.4
HUN,2007,27
HUN,2008,26.6
HUN,2009,26.8
HUN,2010,26.8
HUN,2011,27.1
HUN,2012,27.5
HUN,2013,27.6
HUN,2014,27.4
HUN,2015,27.2
HUN,2016,27.2
HUN,2017,27.2
HUN,2018,27
HUN,2019,26.9
HUN,2020,26.4
HUN,2021,26.3
HUN,2022,26.4
HUN,2023,26.5
ISL,1992,23.8
ISL,1993,23.5
ISL,1994,23.4
ISL,1995,23.7
ISL,1996,24.2
ISL,1997,24.7
ISL,1998,25.2
ISL,1999,25.9
ISL,2000,26.4
ISL,2001,26.9
ISL,2002,27
ISL,2003,26.8
ISL,2004,27.3
ISL,2005,28
ISL,2006,28.5
ISL,2007,28.6
ISL,2008,28.4
ISL,2009,27.5
ISL,2010,26.7
ISL,2011,26.1
ISL,2012,25.9
ISL,2013,25.7
ISL,2014,26
ISL,2015,26
ISL,2016,25.8
ISL,2017,25.5
ISL,2018,25.3
ISL,2019,25.3
IND,1971,40.2
IND,1972,40.3
IND,1973,40.3
IND,1974,40
IND,1975,39.7
IND,1976,39.4
IND,1977,39.3
IND,1978,39.4
IND,1979,39.2
IND,1980,38.9
IND,1981,38.7
IND,1982,38.5
IND,1983,38.7
IND,1984,38.9
IND,1985,39.2
IND,1986,39.4
IND,1987,39.7
IND,1988,40
IND,1989,40.2
IND,1990,40.3
IND,1991,40.5
IND,1992,40.9
IND,1993,41.2
IND,1994,41.5
IND,1995,41.8
IND,1996,41.9
IND,1997,42.3
IND,1998,42.5
IND,1999,42.8
IND,2000,43
IND,2001,44.1
IND,2002,45.1
IND,2003,46.3
IND,2004,47.6
IND,2005,47.2
IND,2006,47.4
IND,2007,47.6
IND,2008,47.8
IND,2009,48
IND,2010,48.2
IND,2011,48.9
IND,2012,48
IND,2013,47.9
IND,2014,47.9
IND,2015,47.9
IND,2016,47.8
IND,2017,47.7
IND,2018,47.6
IND,2019,47.4
IND,2020,47.2
IND,2021,47
IND,2022,46.8
IDN,1965,41.7
IDN,1966,41.7
IDN,1967,41.8
IDN,1968,41.8
IDN,1969,41.8
IDN,1970,41.9
IDN,1971,41.9
IDN,1972,42
IDN,1973,42.1
IDN,1974,42.1
IDN,1975,42.2
IDN,1976,42.2
IDN,1977,42.3
IDN,1978,42.4
IDN,1979,42.2
IDN,1980,41.9
IDN,1981,41.6
IDN,1982,41.4
IDN,1983,41.1
IDN,1984,40.8
IDN,1985,40.7
IDN,1986,40.7
IDN,1987,40.7
IDN,1988,40.9
IDN,1989,41.2
IDN,1990,41.4
IDN,1991,41.7
IDN,1992,41.9
IDN,1993,42.1
IDN,1994,42.2
IDN,1995,42.2
IDN,1996,42.4
IDN,1997,41.9
IDN,1998,41.5
IDN,1999,41.1
IDN,2000,40.9
IDN,2001,40.8
IDN,2002,40.7
IDN,2003,40.8
IDN,2004,41
IDN,2005,41.3
IDN,2006,41.7
IDN,2007,42.2
IDN,2008,42.8
IDN,2009,43.5
IDN,2010,44.3
IDN,2011,45.1
IDN,2012,45.7
IDN,2013,46.1
IDN,2014,46.2
IDN,2015,46.3
IDN,2016,46.2
IDN,2017,46
IDN,2018,45.8
IDN,2019,45.6
IDN,2020,45.5
IDN,2021,45.3
IDN,2022,45.3
IDN,2023,45.2
IDN,2024,45
IDN,2025,45
IRN,1969,43.9
IRN,1970,44.1
IRN,1971,44.3
IRN,1972,44.5
IRN,1973,44.9
IRN,1974,45.3
IRN,1975,45.6
IRN,1976,45.9
IRN,1977,46.2
IRN,1978,46.4
IRN,1979,46.5
IRN,1980,46.4
IRN,1981,46
IRN,1982,45.6
IRN,1983,45.1
IRN,1984,44.7
IRN,1985,44.5
IRN,1986,44.3
IRN,1987,43.9
IRN,1988,43.4
IRN,1989,43.3
IRN,1990,43.3
IRN,1991,43.4
IRN,1992,43.3
IRN,1993,43
IRN,1994,42.7
IRN,1995,42.6
IRN,1996,42.5
IRN,1997,42.4
IRN,1998,42.4
IRN,1999,42.4
IRN,2000,42.4
IRN,2001,42.3
IRN,2002,42
IRN,2003,41.6
IRN,2004,41.3
IRN,2005,41
IRN,2006,40.6
IRN,2007,40.1
IRN,2008,39.4
IRN,2009,38.8
IRN,2010,37.9
IRN,2011,37
IRN,2012,36.2
IRN,2013,35.9
IRN,2014,35.9
IRN,2015,36
IRN,2016,36
IRN,2017,36
IRN,2018,35.9
IRN,2019,35.8
IRN,2020,35.6
IRN,2021,35.5
IRN,2022,35.4
IRN,2023,35.4
IRQ,2006,35.4
IRQ,2007,35.9
IRQ,2008,36.2
IRQ,2009,36.5
IRQ,2010,36.8
IRQ,2011,37.1
IRQ,2012,37.4
IRQ,2013,36.5
IRQ,2014,35.7
IRQ,2015,35.4
IRQ,2016,35.1
IRQ,2017,34.8
IRQ,2018,34.5
IRQ,2019,34.2
IRQ,2020,33.9
IRQ,2021,33.6
IRQ,2022,33.3
IRQ,2023,33
IRL,1966,30.9
IRL,1967,30.8
IRL,1968,30.7
IRL,1969,30.6
IRL,1970,30.5
IRL,1971,30.4
IRL,1972,30.3
IRL,1973,30.1
IRL,1974,30.4
IRL,1975,30.7
IRL,1976,31
IRL,1977,31.3
IRL,1978,31.6
IRL,1979,31.9
IRL,1980,32.2
IRL,1981,32.3
IRL,1982,32.4
IRL,1983,32.4
IRL,1984,32.5
IRL,1985,32.6
IRL,1986,32.7
IRL,1987,32.8
IRL,1988,32.8
IRL,1989,32.9
IRL,1990,32.9
IRL,1991,32.9
IRL,1992,33
IRL,1993,33
IRL,1994,33.1
IRL,1995,33.1
IRL,1996,32.8
IRL,1997,32.5
IRL,1998,32.3
IRL,1999,32
IRL,2000,31.7
IRL,2001,31.5
IRL,2002,31.3
IRL,2003,31.4
IRL,2004,31.4
IRL,2005,31.4
IRL,2006,31.1
IRL,2007,30.7
IRL,2008,30.4
IRL,2009,30.4
IRL,2010,30.3
IRL,2011,30.4
IRL,2012,30.5
IRL,2013,30.4
IRL,2014,30
IRL,2015,29.9
IRL,2016,29.7
IRL,2017,29.3
IRL,2018,28.8
IRL,2019,28.4
IRL,2020,28.2
IRL,2021,28.2
IRL,2022,28.1
IRL,2023,28
ISR,1979,31.1
ISR,1980,30.9
ISR,1981,30.8
ISR,1982,30.7
ISR,1983,30.7
ISR,1984,31.2
ISR,1985,31.2
ISR,1986,31.1
ISR,1987,31.1
ISR,1988,31.2
ISR,1989,31.4
ISR,1990,31.6
ISR,1991,31.5
ISR,1992,31.4
ISR,1993,32
ISR,1994,32.5
ISR,1995,33.1
ISR,1996,33.4
ISR,1997,33.8
ISR,1998,34.2
ISR,1999,34.5
ISR,2000,34.9
ISR,2001,35.3
ISR,2002,35.8
ISR,2003,36.4
ISR,2004,36.9
ISR,2005,37.2
ISR,2006,37.3
ISR,2007,37.3
ISR,2008,37.5
ISR,2009,37.7
ISR,2010,37.6
ISR,2011,37.2
ISR,2012,36.8
ISR,2013,36.2
ISR,2014,35.9
ISR,2015,35.5
ISR,2016,34.8
ISR,2017,34.4
ISR,2018,34.2
ISR,2019,34.1
ISR,2020,34.1
ISR,2021,34.3
ISR,2022,34.2
ITA,1967,45.9
ITA,1968,43.7
ITA,1969,41.8
ITA,1970,40.6
ITA,1971,39.6
ITA,1972,38.6
ITA,1973,37.7
ITA,1974,36.6
ITA,1975,35.4
ITA,1976,34.2
ITA,1977,33.1
ITA,1978,32.4
ITA,1979,31.8
ITA,1980,30.9
ITA,1981,30
ITA,1982,29.3
ITA,1983,29.6
ITA,1984,30.3
ITA,1985,31.5
ITA,1986,31.3
ITA,1987,32.1
ITA,1988,32.6
ITA,1989,31.2
ITA,1990,31
ITA,1991,30.8
ITA,1992,31.8
ITA,1993,32.8
ITA,1994,33.2
ITA,1995,33.5
ITA,1996,33.6
ITA,1997,33.7
ITA,1998,33.9
ITA,1999,33.7
ITA,2000,33.5
ITA,2001,33.4
ITA,2002,33
ITA,2003,32.6
ITA,2004,32.6
ITA,2005,32.4
ITA,2006,32.3
ITA,2007,32.1
ITA,2008,32.2
ITA,2009,32.2
ITA,2010,32.5
ITA,2011,32.8
ITA,2012,33
ITA,2013,33.1
ITA,2014,33.2
ITA,2015,33.3
ITA,2016,33.4
ITA,2017,33.3
ITA,2018,33.2
ITA,2019,33.1
ITA,2020,33.2
ITA,2021,33.1
ITA,2022,32.9
ITA,2023,32.8
ITA,2024,32.9
JAM,1988,44
JAM,1989,44
JAM,1990,44
JAM,1991,43.9
JAM,1992,43.8
JAM,1993,43.7
JAM,1994,43.7
JAM,1995,43.8
JAM,1996,43.9
JAM,1997,44
JAM,1998,44.2
JAM,1999,44.4
JAM,2000,44.5
JAM,2001,44.7
JAM,2002,44.8
JAM,2003,44.7
JAM,2004,44.6
JAM,2005,44.4
JAM,2006,44.2
JAM,2007,44
JAM,2008,43.8
JAM,2009,43.8
JAM,2010,43.7
JAM,2011,43.6
JAM,2012,43.5
JAM,2013,43.4
JAM,2014,43.2
JAM,2015,43.1
JAM,2016,42.9
JAM,2017,42.8
JAM,2018,42.8
JAM,2019,42.9
JAM,2020,43
JAM,2021,43.1
JPN,1961,24
JPN,1962,23.6
JPN,1963,23.2
JPN,1964,23
JPN,1965,22.9
JPN,1966,23
JPN,1967,23.1
JPN,1968,23.2
JPN,1969,23.6
JPN,1970,23.5
JPN,1971,23.2
JPN,1972,22.9
JPN,1973,22.7
JPN,1974,22.7
JPN,1975,22.7
JPN,1976,22.7
JPN,1977,22.6
JPN,1978,22.7
JPN,1979,23
JPN,1980,23.1
JPN,1981,23.5
JPN,1982,23.7
JPN,1983,24.1
JPN,1984,24.8
JPN,1985,24.8
JPN,1986,25.2
JPN,1987,25.7
JPN,1988,25.7
JPN,1989,26
JPN,1990,26.2
JPN,1991,26.9
JPN,1992,27.7
JPN,1993,27.7
JPN,1994,27.9
JPN,1995,28.3
JPN,1996,28.7
JPN,1997,29.1
JPN,1998,29.4
JPN,1999,29.6
JPN,2000,29.8
JPN,2001,30
JPN,2002,30.3
JPN,2003,30.3
JPN,2004,30.7
JPN,2005,30.8
JPN,2006,30.8
JPN,2007,30.9
JPN,2008,31.1
JPN,2009,30.6
JPN,2010,30.1
JPN,2011,30.3
JPN,2012,30.1
JPN,2013,29.9
JPN,2014,29.7
JPN,2015,29.7
JPN,2016,29.9
JPN,2017,30.1
JPN,2018,30.5
JPN,2019,30.8
JPN,2020,31.1
JPN,2021,31.5
JOR,1986,39.8
JOR,1987,39.8
JOR,1988,40.1
JOR,1989,40.3
JOR,1990,40.5
JOR,1991,40.7
JOR,1992,41
JOR,1993,40.7
JOR,1994,40.4
JOR,1995,40.1
JOR,1996,39.9
JOR,1997,39.6
JOR,1998,39.3
JOR,1999,39
JOR,2000,38.7
JOR,2001,38.5
JOR,2002,38.2
JOR,2003,38
JOR,2004,37.9
JOR,2005,37.7
JOR,2006,37.5
JOR,2007,37.3
JOR,2008,37.1
JOR,2009,37.2
JOR,2010,37.4
JOR,2011,37
JOR,2012,36.6
JOR,2013,36.3
JOR,2014,36.5
JOR,2015,36.7
JOR,2016,36.8
JOR,2017,37
KAZ,1988,27.4
KAZ,1989,27.7
KAZ,1990,28.2
KAZ,1991,28.8
KAZ,1992,29.3
KAZ,1993,29.8
KAZ,1994,30.3
KAZ,1995,30.8
KAZ,1996,31.3
KAZ,1997,31.4
KAZ,1998,31.4
KAZ,1999,31.5
KAZ,2000,31.6
KAZ,2001,31.7
KAZ,2002,31.3
KAZ,2003,30.9
KAZ,2004,30.6
KAZ,2005,30.3
KAZ,2006,29.6
KAZ,2007,29
KAZ,2008,28.3
KAZ,2009,27.7
KAZ,2010,27.4
KAZ,2011,27.3
KAZ,2012,27.1
KAZ,2013,26.9
KAZ,2014,26.7
KAZ,2015,26.7
KAZ,2016,26.8
KAZ,2017,27
KAZ,2018,27.2
KAZ,2019,27.4
KAZ,2020,27.5
KAZ,2021,27.7
KAZ,2022,27.7
KAZ,2023,27.8
KAZ,2024,27.9
KEN,1976,49.9
KEN,1977,49.8
KEN,1978,49.7
KEN,1979,49.6
KEN,1980,49.5
KEN,1981,49.4
KEN,1982,49.3
KEN,1983,49.2
KEN,1984,49.1
KEN,1985,49
KEN,1986,48.9
KEN,1987,48.8
KEN,1988,48.7
KEN,1989,48.5
KEN,1990,48.5
KEN,1991,48.3
KEN,1992,48.2
KEN,1993,47.9
KEN,1994,47.6
KEN,1995,47.5
KEN,1996,47.3
KEN,1997,47.2
KEN,1998,47
KEN,1999,46.8
KEN,2000,46.7
KEN,2001,46.5
KEN,2002,46.4
KEN,2003,46.2
KEN,2004,46.1
KEN,2005,45.9
KEN,2006,45.6
KEN,2007,45.3
KEN,2008,45
KEN,2009,44.7
KEN,2010,44.4
KEN,2011,44.2
KEN,2012,43.9
KEN,2013,43.6
KEN,2014,43.3
KEN,2015,43
KEN,2016,42.8
KEN,2017,42.6
KEN,2018,42.3
KEN,2019,42.1
KEN,2020,41.8
KEN,2021,41.7
KEN,2022,41.7
KIR,2006,35
KIR,2007,34.7
KIR,2008,34.4
KIR,2009,34.1
KIR,2010,33.8
KIR,2011,33.5
KIR,2012,33.2
KIR,2013,32.9
KIR,2014,32.6
KIR,2015,32.3
KIR,2016,32
KIR,2017,31.7
KIR,2018,31.4
KIR,2019,31.1
KIR,2020,31
KIR,2021,30.8
KIR,2022,30.5
KIR,2023,30.4
KOR,1965,30
KOR,1966,30
KOR,1967,30.1
KOR,1968,30.1
KOR,1969,30.2
KOR,1970,30.2
KOR,1971,30.5
KOR,1972,30.7
KOR,1973,31
KOR,1974,31.3
KOR,1975,31.6
KOR,1976,31.9
KOR,1977,32.1
KOR,1978,32.4
KOR,1979,32.6
KOR,1980,32.8
KOR,1981,33.1
KOR,1982,33.4
KOR,1983,33.6
KOR,1984,33.7
KOR,1985,33.7
KOR,1986,33.8
KOR,1987,33.7
KOR,1988,33.4
KOR,1989,33.3
KOR,1990,32.7
KOR,1991,32.3
KOR,1992,32
KOR,1993,31.9
KOR,1994,32
KOR,1995,32.2
KOR,1996,32.6
KOR,1997,33
KOR,1998,33.6
KOR,1999,33.7
KOR,2000,33.3
KOR,2001,33.2
KOR,2002,32.9
KOR,2003,32.4
KOR,2004,32
KOR,2005,31.7
KOR,2006,31.2
KOR,2007,31.5
KOR,2008,31.6
KOR,2009,31.8
KOR,2010,31.7
KOR,2011,32.6
KOR,2012,31.7
KOR,2013,31.9
KOR,2014,31.3
KOR,2015,32.2
KOR,2016,34.1
KOR,2017,34.6
KOR,2018,34.2
KOR,2019,33.7
KOR,2020,33.2
KOR,2021,32.7
KOR,2022,31.5
KOR,2023,31.4
KOR,2024,31.4
XKX,2003,31.3
XKX,2004,31.3
XKX,2005,31.3
XKX,2006,31.3
XKX,2007,31.3
XKX,2008,31.4
XKX,2009,31.4
XKX,2010,31.4
XKX,2011,31.4
XKX,2012,31.5
XKX,2013,31.6
XKX,2014,31.9
XKX,2015,32.3
XKX,2016,32.9
XKX,2017,33.7
XKX,2018,34.4
XKX,2019,35
XKX,2020,35.5
XKX,2021,35.7
XKX,2022,35.7
KWT,1973,38.1
KWT,1974,38
KWT,1975,37.9
KWT,1976,37.9
KWT,1977,37.8
KWT,1978,37.7
KWT,1979,37.6
KWT,1980,37.5
KWT,1981,37.4
KWT,1982,37.3
KWT,1983,37.2
KWT,1984,37.1
KWT,1985,37
KWT,1986,36.9
KWT,1987,36.8
KWT,1988,36.8
KWT,1989,36.7
KWT,1990,36.6
KWT,1991,36.6
KWT,1992,36.5
KWT,1993,36.4
KWT,1994,36.4
KWT,1995,36.3
KWT,1996,36.3
KWT,1997,36.2
KWT,1998,36.1
KWT,1999,36.2
KGZ,1988,27.5
KGZ,1989,27.4
KGZ,1990,27.7
KGZ,1991,28.1
KGZ,1992,28.8
KGZ,1993,31
KGZ,1994,33.3
KGZ,1995,34.5
KGZ,1996,35.9
KGZ,1997,36.9
KGZ,1998,36.9
KGZ,1999,36.5
KGZ,2000,35.8
KGZ,2001,35.1
KGZ,2002,34.6
KGZ,2003,34.5
KGZ,2004,35.2
KGZ,2005,35.6
KGZ,2006,35.7
KGZ,2007,35.3
KGZ,2008,34.6
KGZ,2009,34.2
KGZ,2010,33.7
KGZ,2011,33.3
KGZ,2012,33.2
KGZ,2013,33.2
KGZ,2014,33
KGZ,2015,32.8
KGZ,2016,32.4
KGZ,2017,32.2
KGZ,2018,32
KGZ,2019,32
KGZ,2020,31.9
KGZ,2021,32.1
KGZ,2022,32.2
KGZ,2023,32.4
KGZ,2024,32.4
LAO,1992,34.2
LAO,1993,34.4
LAO,1994,34.5
LAO,1995,34.7
LAO,1996,34.8
LAO,1997,35
LAO,1998,35
LAO,1999,35
LAO,2000,35.1
LAO,2001,35.1
LAO,2002,35.1
LAO,2003,35.3
LAO,2004,35.4
LAO,2005,35.6
LAO,2006,35.8
LAO,2007,36
LAO,2008,36.1
LAO,2009,36.2
LAO,2010,36.3
LAO,2011,36.4
LAO,2012,36.5
LAO,2013,36.6
LAO,2014,36.7
LAO,2015,36.7
LAO,2016,36.8
LAO,2017,36.9
LAO,2018,36.9
LAO,2019,36.9
LAO,2020,36.9
LAO,2021,36.8
LAO,2022,36.8
LAO,2023,36.8
LAO,2024,36.8
LVA,1988,25.5
LVA,1989,25.4
LVA,1990,25.6
LVA,1991,25.9
LVA,1992,26.3
LVA,1993,26.9
LVA,1994,27.9
LVA,1995,28.9
LVA,1996,29.8
LVA,1997,30.6
LVA,1998,31.3
LVA,1999,31.9
LVA,2000,32.5
LVA,2001,33.1
LVA,2002,33.7
LVA,2003,34.3
LVA,2004,34.8
LVA,2005,35.1
LVA,2006,35
LVA,2007,35.2
LVA,2008,35.3
LVA,2009,35.3
LVA,2010,35.2
LVA,2011,35.2
LVA,2012,35
LVA,2013,34.9
LVA,2014,34.6
LVA,2015,34.4
LVA,2016,34.4
LVA,2017,34.4
LVA,2018,34.3
LVA,2019,34.2
LVA,2020,34.2
LVA,2021,34
LVA,2022,33.9
LVA,2023,33.8
LBN,1995,38.5
LBN,1996,38.4
LBN,1997,38.3
LBN,1998,38.2
LBN,1999,38.1
LBN,2000,37.9
LBN,2001,37.8
LBN,2002,37.7
LBN,2003,37.5
LBN,2004,37.4
LBN,2005,37.2
LBN,2006,37
LBN,2007,36.8
LBN,2008,36.6
LBN,2009,36.4
LBN,2010,36.2
LBN,2011,36
LBN,2012,36
LBN,2013,36
LBN,2014,36
LBN,2015,36
LBN,2016,36
LBN,2017,36
LBN,2018,36
LBN,2019,36
LBN,2020,36.1
LBN,2021,36.1
LBN,2022,36.1
LSO,1986,53.5
LSO,1987,53.7
LSO,1988,53.6
LSO,1989,53.5
LSO,1990,53.4
LSO,1991,53.2
LSO,1992,53.1
LSO,1993,53
LSO,1994,53
LSO,1995,52.7
LSO,1996,52.4
LSO,1997,52.1
LSO,1998,51.8
LSO,1999,51.6
LSO,2000,51.3
LSO,2001,51
LSO,2002,50.7
LSO,2003,50.6
LSO,2004,50.5
LSO,2005,50.3
LSO,2006,50.2
LSO,2007,50.1
LSO,2008,50
LSO,2009,49.9
LSO,2010,49.7
LSO,2011,49.5
LSO,2012,49.3
LSO,2013,49.1
LSO,2014,48.9
LSO,2015,48.7
LSO,2016,48.4
LSO,2017,48.2
LBR,2005,37.4
LBR,2006,37.3
LBR,2007,37.3
LBR,2008,37.2
LBR,2009,37.1
LBR,2010,37.1
LBR,2011,37
LBR,2012,36.9
LBR,2013,36.8
LBR,2014,36.7
LBR,2015,36.7
LBR,2016,36.7
LBY,2003,32.5
LBY,2004,32.4
LBY,2005,32.4
LBY,2006,32.4
LBY,2007,32.3
LBY,2008,32.3
LTU,1988,25.4
LTU,1989,26.1
LTU,1990,26.7
LTU,1991,27.7
LTU,1992,28.7
LTU,1993,29.6
LTU,1994,30.5
LTU,1995,30.9
LTU,1996,31.3
LTU,1997,31.4
LTU,1998,31.5
LTU,1999,31.7
LTU,2000,31.9
LTU,2001,32.1
LTU,2002,32.3
LTU,2003,32.8
LTU,2004,33.4
LTU,2005,33.5
LTU,2006,33.1
LTU,2007,33.2
LTU,2008,33.8
LTU,2009,33.9
LTU,2010,33.5
LTU,2011,33.4
LTU,2012,34.2
LTU,2013,34.9
LTU,2014,35.6
LTU,2015,36
LTU,2016,36.3
LTU,2017,36.3
LTU,2018,36
LTU,2019,35.9
LTU,2020,35.8
LTU,2021,35.8
LTU,2022,35.5
LTU,2023,35.4
LUX,1985,46.9
LUX,1986,38.7
LUX,1987,34.2
LUX,1988,30.9
LUX,1989,28.7
LUX,1990,26.6
LUX,1991,25.4
LUX,1992,24.9
LUX,1993,24.7
LUX,1994,25.1
LUX,1995,25.3
LUX,1996,25.6
LUX,1997,25.8
LUX,1998,26.1
LUX,1999,26.1
LUX,2000,26.1
LUX,2001,26.3
LUX,2002,26.6
LUX,2003,26.7
LUX,2004,26.8
LUX,2005,27.2
LUX,2006,27.4
LUX,2007,27.6
LUX,2008,27.8
LUX,2009,27.8
LUX,2010,27.7
LUX,2011,27.9
LUX,2012,28.1
LUX,2013,28.2
LUX,2014,28.3
LUX,2015,28.6
LUX,2016,28.9
LUX,2017,29.3
LUX,2018,29.6
LUX,2019,29.3
LUX,2020,28.8
LUX,2021,28.8
LUX,2022,28.8
LUX,2023,28.8
MDG,1962,41.1
MDG,1963,41.3
MDG,1964,41.5
MDG,1965,41.6
MDG,1966,41.8
MDG,1967,42
MDG,1968,42.2
MDG,1969,42.3
MDG,1970,42.5
MDG,1971,42.7
MDG,1972,42.9
MDG,1973,43
MDG,1974,43.2
MDG,1975,43.4
MDG,1976,43.6
MDG,1977,43.7
MDG,1978,43.9
MDG,1979,44.1
MDG,1980,44.2
MDG,1981,44.2
MDG,1982,44.2
MDG,1983,44.2
MDG,1984,44.2
MDG,1985,44.2
MDG,1986,44.2
MDG,1987,44.2
MDG,1988,44.2
MDG,1989,44.1
MDG,1990,44.1
MDG,1991,44.1
MDG,1992,44.1
MDG,1993,44.1
MDG,1994,44
MDG,1995,44
MDG,1996,43.9
MDG,1997,43.8
MDG,1998,43.8
MDG,1999,43.9
MDG,2000,44
MDG,2001,44.2
MDG,2002,43.9
MDG,2003,43.7
MDG,2004,43.5
MDG,2005,43.3
MDG,2006,43.2
MDG,2007,43.2
MDG,2008,43.1
MDG,2009,43
MDG,2010,42.9
MDG,2011,42.8
MDG,2012,42.7
MDG,2013,42.6
MDG,2014,42.5
MDG,2015,42.4
MDG,2016,42.3
MDG,2017,42.2
MDG,2018,42
MDG,2019,41.9
MDG,2020,41.8
MDG,2021,41.7
MWI,1969,46.5
MWI,1970,46.7
MWI,1971,46.9
MWI,1972,47.1
MWI,1973,47.3
MWI,1974,47.5
MWI,1975,47.7
MWI,1976,47.9
MWI,1977,48.1
MWI,1978,48.3
MWI,1979,48.5
MWI,1980,48.7
MWI,1981,48.9
MWI,1982,49.1
MWI,1983,49.3
MWI,1984,49.5
MWI,1985,49.6
MWI,1986,49.7
MWI,1987,49.7
MWI,1988,49.7
MWI,1989,49.7
MWI,1990,49.7
MWI,1991,49.8
MWI,1992,49.8
MWI,1993,49.8
MWI,1994,49.8
MWI,1995,49.8
MWI,1996,49.8
MWI,1997,49.8
MWI,1998,49.2
MWI,1999,48.7
MWI,2000,48.1
MWI,2001,47.5
MWI,2002,46.9
MWI,2003,46.3
MWI,2004,45.7
MWI,2005,45.3
MWI,2006,45.3
MWI,2007,45.2
MWI,2008,45.2
MWI,2009,45.1
MWI,2010,45.1
MWI,2011,44.9
MWI,2012,44.8
MWI,2013,44.6
MWI,2014,44.5
MWI,2015,44.5
MWI,2016,44.4
MWI,2017,44.3
MWI,2018,44.2
MWI,2019,44
MYS,1970,46
MYS,1971,46.1
MYS,1972,46.3
MYS,1973,46.5
MYS,1974,46.7
MYS,1975,46.8
MYS,1976,46.8
MYS,1977,46.7
MYS,1978,46.6
MYS,1979,46.5
MYS,1980,46.2
MYS,1981,46
MYS,1982,45.7
MYS,1983,45.5
MYS,1984,45.2
MYS,1985,44.9
MYS,1986,44.6
MYS,1987,44.3
MYS,1988,44
MYS,1989,43.8
MYS,1990,43.7
MYS,1991,43.6
MYS,1992,43.4
MYS,1993,43.4
MYS,1994,43.3
MYS,1995,43.2
MYS,1996,43.1
MYS,1997,43
MYS,1998,42.8
MYS,1999,42.6
MYS,2000,42.4
MYS,2001,42.3
MYS,2002,42.1
MYS,2003,41.8
MYS,2004,41.6
MYS,2005,41.3
MYS,2006,41.1
MYS,2007,41
MYS,2008,40.7
MYS,2009,40.5
MYS,2010,40.3
MYS,2011,40
MYS,2012,39.8
MYS,2013,39.4
MYS,2014,39.3
MYS,2015,39.1
MYS,2016,38.9
MYS,2017,38.8
MYS,2018,38.7
MYS,2019,38.7
MYS,2020,38.6
MYS,2021,38.6
MYS,2022,38.5
MDV,2002,38.8
MDV,2003,38.7
MDV,2004,38.6
MDV,2005,38.6
MDV,2006,38.5
MDV,2007,38.4
MDV,2008,38.3
MDV,2009,38.2
MDV,2010,38.1
MDV,2011,37.8
MDV,2012,37.5
MDV,2013,37.1
MDV,2014,36.8
MDV,2015,36.5
MDV,2016,36.2
MDV,2017,36
MDV,2018,35.8
MDV,2019,35.6
MLI,1994,42.9
MLI,1995,42.6
MLI,1996,42.4
MLI,1997,42.1
MLI,1998,41.9
MLI,1999,41.6
MLI,2000,41.4
MLI,2001,41.1
MLI,2002,40.9
MLI,2003,40.7
MLI,2004,40.5
MLI,2005,40
MLI,2006,39.6
MLI,2007,39
MLI,2008,38.4
MLI,2009,37.8
MLI,2010,37.4
MLI,2011,37.1
MLI,2012,36.8
MLI,2013,36.4
MLI,2014,36.1
MLI,2015,36.3
MLI,2016,36.7
MLI,2017,36.6
MLI,2018,36.7
MLI,2019,37.1
MLI,2020,36.9
MLI,2021,36.6
MLI,2022,36.2
MLI,2023,35.8
MLI,2024,36.5
MLT,2006,27.3
MLT,2007,27.1
MLT,2008,27.1
MLT,2009,27.1
MLT,2010,27.1
MLT,2011,27.1
MLT,2012,27.2
MLT,2013,27.4
MLT,2014,27.6
MLT,2015,27.7
MLT,2016,27.9
MLT,2017,28.2
MLT,2018,28.4
MLT,2019,28.8
MLT,2020,29.1
MLT,2021,29.4
MLT,2022,29.6
MLT,2023,29.6
MHL,2019,36.4
MRT,1987,41.8
MRT,1988,41.8
MRT,1989,41.8
MRT,1990,41.8
MRT,1991,41.7
MRT,1992,41.7
MRT,1993,41.7
MRT,1994,41.5
MRT,1995,41.2
MRT,1996,41.1
MRT,1997,41.1
MRT,1998,41
MRT,1999,40.9
MRT,2000,40.8
MRT,2001,40.7
MRT,2002,40.5
MRT,2003,40.4
MRT,2004,40.3
MRT,2005,39.8
MRT,2006,39.4
MRT,2007,38.9
MRT,2008,38.5
MRT,2009,38.1
MRT,2010,37.7
MRT,2011,37.3
MRT,2012,36.9
MRT,2013,36.5
MRT,2014,36.1
MRT,2015,36
MRT,2016,36
MRT,2017,35.9
MRT,2018,35.8
MRT,2019,35.7
MUS,1987,37.5
MUS,1988,37.5
MUS,1989,37.5
MUS,1990,37.5
MUS,1991,37.4
MUS,1992,37.4
MUS,1993,37.4
MUS,1994,37.4
MUS,1995,37.4
MUS,1996,37.4
MUS,1997,37.4
MUS,1998,37.4
MUS,1999,37.4
MUS,2000,37.4
MUS,2001,37.4
MUS,2002,37.4
MUS,2003,37.4
MUS,2004,37.5
MUS,2005,37.5
MUS,2006,37.6
MUS,2007,37.7
MUS,2008,37.8
MUS,2009,37.9
MUS,2010,38
MUS,2011,38.1
MUS,2012,38.2
MUS,2013,38.2
MUS,2014,38.2
MUS,2015,38.2
MUS,2016,38.2
MUS,2017,38.2
MEX,1963,52.5
MEX,1964,52.4
MEX,1965,52.4
MEX,1966,52.3
MEX,1967,52.3
MEX,1968,52.2
MEX,1969,51.9
MEX,1970,51.6
MEX,1971,51.2
MEX,1972,50.9
MEX,1973,50.5
MEX,1974,50.2
MEX,1975,49.8
MEX,1976,49.3
MEX,1977,48.8
MEX,1978,48.4
MEX,1979,48
MEX,1980,47.7
MEX,1981,47.3
MEX,1982,46.9
MEX,1983,46.6
MEX,1984,46.2
MEX,1985,46.5
MEX,1986,46.8
MEX,1987,47
MEX,1988,47.3
MEX,1989,47.6
MEX,1990,48
MEX,1991,48.5
MEX,1992,49
MEX,1993,49.2
MEX,1994,49.5
MEX,1995,49.6
MEX,1996,49.4
MEX,1997,49.4
MEX,1998,49.4
MEX,1999,49.1
MEX,2000,48.9
MEX,2001,48.4
MEX,2002,47.9
MEX,2003,47.5
MEX,2004,47.1
MEX,2005,46.8
MEX,2006,46.5
MEX,2007,46.7
MEX,2008,46.9
MEX,2009,46.5
MEX,2010,46
MEX,2011,45.9
MEX,2012,45.8
MEX,2013,45.4
MEX,2014,45
MEX,2015,44.3
MEX,2016,43.6
MEX,2017,43.1
MEX,2018,42.6
MEX,2019,42.2
MEX,2020,41.7
MEX,2021,41
MEX,2022,40.3
MEX,2023,40.3
MEX,2024,40.2
FSM,1998,43.1
FSM,1999,43.1
FSM,2000,43.1
FSM,2001,43.1
FSM,2002,43.1
FSM,2003,43.1
FSM,2004,43.1
FSM,2005,43.1
FSM,2006,43
FSM,2007,43
FSM,2008,43
FSM,2009,42.9
FSM,2010,42.9
FSM,2011,42.9
FSM,2012,42.9
FSM,2013,42.8
MDA,1988,30.5
MDA,1989,30.8
MDA,1990,31.5
MDA,1991,32.4
MDA,1992,33.3
MDA,1993,34.2
MDA,1994,35.1
MDA,1995,36
MDA,1996,36.9
MDA,1997,37.8
MDA,1998,38.4
MDA,1999,38.6
MDA,2000,38.6
MDA,2001,38.5
MDA,2002,38.2
MDA,2003,37.8
MDA,2004,37.6
MDA,2005,37.6
MDA,2006,37.4
MDA,2007,37.1
MDA,2008,36.6
MDA,2009,36.2
MDA,2010,35.5
MDA,2011,34.8
MDA,2012,34
MDA,2013,33.1
MDA,2014,32.3
MDA,2015,31.7
MDA,2016,31.3
MDA,2017,30.9
MDA,2018,30.8
MDA,2019,30.9
MDA,2020,31
MDA,2021,31.2
MDA,2022,31.4
MDA,2023,31.6
MDA,2024,31.7
MNG,1995,34
MNG,1996,34
MNG,1997,33.9
MNG,1998,33.9
MNG,1999,33.9
MNG,2000,34
MNG,2001,34.1
MNG,2002,34.1
MNG,2003,34.2
MNG,2004,34.2
MNG,2005,34.3
MNG,2006,34.4
MNG,2007,34.5
MNG,2008,34.4
MNG,2009,34.3
MNG,2010,34.2
MNG,2011,34.2
MNG,2012,34.2
MNG,2013,34.1
MNG,2014,34
MNG,2015,33.9
MNG,2016,33.9
MNG,2017,33.8
MNG,2018,33.8
MNG,2019,33.8
MNG,2020,33.7
MNG,2021,33.7
MNG,2022,33.6
MNE,2005,30.2
MNE,2006,30.2
MNE,2007,30.3
MNE,2008,30.4
MNE,2009,30.6
MNE,2010,30.9
MNE,2011,31.3
MNE,2012,31.9
MNE,2013,32.4
MNE,2014,32.9
MNE,2015,33.3
MNE,2016,33.5
MNE,2017,33.4
MNE,2018,33.3
MNE,2019,33.2
MNE,2020,33.1
MNE,2021,33
MAR,1984,39.9
MAR,1985,40
MAR,1986,40
MAR,1987,40.1
MAR,1988,40.2
MAR,1989,40.2
MAR,1990,40.3
MAR,1991,40.3
MAR,1992,40.4
MAR,1993,40.4
MAR,1994,40.5
MAR,1995,40.5
MAR,1996,40.6
MAR,1997,40.6
MAR,1998,40.6
MAR,1999,40.7
MAR,2000,40.8
MAR,2001,40.9
MAR,2002,40.9
MAR,2003,40.9
MAR,2004,40.9
MAR,2005,41
MAR,2006,41
MAR,2007,41
MAR,2008,40.9
MAR,2009,40.9
MAR,2010,40.9
MAR,2011,40.9
MAR,2012,40.8
MAR,2013,40.8
MAR,2014,40.7
MAR,2015,40.7
MAR,2016,40.7
MAR,2017,40.7
MAR,2018,40.7
MAR,2019,40.7
MAR,2020,40.6
MOZ,1996,45.5
MOZ,1997,45.3
MOZ,1998,45.4
MOZ,1999,45.5
MOZ,2000,45.6
MOZ,2001,45.7
MOZ,2002,45.8
MOZ,2003,45.6
MOZ,2004,45.7
MOZ,2005,45.7
MOZ,2006,45.9
MOZ,2007,46
MOZ,2008,46.1
MOZ,2009,46.3
MOZ,2010,46.6
MOZ,2011,46.9
MOZ,2012,47.3
MOZ,2013,47.7
MOZ,2014,48
MOZ,2015,48.2
MOZ,2016,48.4
MOZ,2017,48.5
MOZ,2018,48.6
MOZ,2019,48.8
MOZ,2020,48.8
MOZ,2021,48.9
MOZ,2022,48.9
MMR,2010,33.6
MMR,2011,33.7
MMR,2012,33.8
MMR,2013,33.9
MMR,2014,33.9
MMR,2015,34
MMR,2016,34
MMR,2017,33.9
NAM,1993,65.8
NAM,1994,65.9
NAM,1995,65.8
NAM,1996,65.8
NAM,1997,65.8
NAM,1998,65.7
NAM,1999,65.7
NAM,2000,65.7
NAM,2001,65.7
NAM,2002,65.6
NAM,2003,65.6
NAM,2004,65.6
NAM,2005,65.5
NAM,2006,65.4
NAM,2007,65.2
NAM,2008,65.1
NAM,2009,64.9
NAM,2010,64.8
NAM,2011,64.7
NAM,2012,64.6
NAM,2013,64.5
NAM,2014,64.4
NAM,2015,64.3
NAM,2016,64.3
NRU,2006,40
NRU,2007,39.8
NRU,2008,39.6
NRU,2009,39.5
NRU,2010,39.3
NRU,2011,39.1
NRU,2012,38.9
NPL,1977,38.5
NPL,1978,38.2
NPL,1979,37.9
NPL,1980,37.7
NPL,1981,37.4
NPL,1982,37.1
NPL,1983,36.8
NPL,1984,36.4
NPL,1985,36.6
NPL,1986,36.7
NPL,1987,36.8
NPL,1988,36.8
NPL,1989,36.9
NPL,1990,37
NPL,1991,37.1
NPL,1992,37.2
NPL,1993,37.3
NPL,1994,37.4
NPL,1995,37.5
NPL,1996,37.6
NPL,1997,37.7
NPL,1998,37.8
NPL,1999,37.9
NPL,2000,38
NPL,2001,38.1
NPL,2002,38.3
NPL,2003,38.4
NPL,2004,38.3
NPL,2005,38
NPL,2006,37.7
NPL,2007,37.4
NPL,2008,37.1
NPL,2009,36.8
NPL,2010,36.5
NPL,2011,36.4
NPL,2012,36.3
NPL,2013,36.1
NPL,2014,36
NPL,2015,35.8
NPL,2016,35.7
NPL,2017,35.5
NPL,2018,35.4
NPL,2019,35.3
NPL,2020,35.1
NPL,2021,35
NPL,2022,34.8
NLD,1977,25.6
NLD,1978,25.6
NLD,1979,25.5
NLD,1980,25.5
NLD,1981,25.6
NLD,1982,25.6
NLD,1983,25.6
NLD,1984,25.6
NLD,1985,25.6
NLD,1986,25.2
NLD,1987,24.8
NLD,1988,25.4
NLD,1989,26
NLD,1990,26.3
NLD,1991,26.2
NLD,1992,26.1
NLD,1993,26.2
NLD,1994,26.4
NLD,1995,26.5
NLD,1996,26.1
NLD,1997,25.7
NLD,1998,25.2
NLD,1999,24.8
NLD,2000,26
NLD,2001,26.2
NLD,2002,26.3
NLD,2003,26.5
NLD,2004,26.7
NLD,2005,26.9
NLD,2006,27.2
NLD,2007,27.2
NLD,2008,26.9
NLD,2009,26.2
NLD,2010,25.9
NLD,2011,25.9
NLD,2012,26
NLD,2013,26.4
NLD,2014,26.9
NLD,2015,27.1
NLD,2016,27.3
NLD,2017,27.4
NLD,2018,27.3
NLD,2019,27.7
NLD,2020,27.4
NLD,2021,27.1
NLD,2022,27
NLD,2023,26.9
NZL,1982,26.9
NZL,1983,26.8
NZL,1984,26.7
NZL,1985,26.7
NZL,1986,26.5
NZL,1987,27.2
NZL,1988,28
NZL,1989,29.2
NZL,1990,30.5
NZL,1991,31.5
NZL,1992,31.6
NZL,1993,32
NZL,1994,32.2
NZL,1995,32.7
NZL,1996,33.1
NZL,1997,33
NZL,1998,32.9
NZL,1999,32.9
NZL,2000,32.9
NZL,2001,32.8
NZL,2002,32.7
NZL,2003,32.6
NZL,2004,32.5
NZL,2005,32.4
NZL,2006,32.4
NZL,2007,32.3
NZL,2008,32
NZL,2009,32
NZL,2010,32
NZL,2011,32.1
NZL,2012,32.3
NZL,2013,32.7
NZL,2014,32.8
NZL,2015,32.7
NZL,2016,32.5
NZL,2017,32.4
NZL,2018,32
NZL,2019,31.6
NZL,2020,31.2
NZL,2021,30.9
NZL,2022,31.2
NIC,1993,51.7
NIC,1994,51.5
NIC,1995,51.2
NIC,1996,51
NIC,1997,50.7
NIC,1998,50.4
NIC,1999,50
NIC,2000,49.5
NIC,2001,49
NIC,2002,48.3
NIC,2003,47.6
NIC,2004,46.9
NIC,2005,46.2
NIC,2006,45.5
NIC,2007,44.8
NIC,2008,44.1
NIC,2009,43.4
NIC,2010,43.4
NIC,2011,43.4
NIC,2012,43.5
NIC,2013,43.5
NIC,2014,43.5
NER,1992,39.4
NER,1993,39.5
NER,1994,39.7
NER,1995,39.7
NER,1996,39.7
NER,1997,39.8
NER,1998,39.8
NER,1999,39.8
NER,2000,39.9
NER,2001,39.9
NER,2002,39.9
NER,2003,40
NER,2004,40
NER,2005,40.1
NER,2006,39.6
NER,2007,39.1
NER,2008,38.7
NER,2009,38.3
NER,2010,37.8
NER,2011,37.4
NER,2012,37.3
NER,2013,37.2
NER,2014,37.1
NER,2015,37
NER,2016,37
NER,2017,37
NER,2018,36.9
NER,2019,36.9
NER,2020,36.8
NER,2021,36.7
NGA,1985,42.2
NGA,1986,42.4
NGA,1987,42.5
NGA,1988,42.7
NGA,1989,42.8
NGA,1990,43
NGA,1991,43.1
NGA,1992,43.3
NGA,1993,43.3
NGA,1994,43.4
NGA,1995,43.4
NGA,1996,43.5
NGA,1997,43.3
NGA,1998,43.1
NGA,1999,42.9
NGA,2000,42.8
NGA,2001,42.6
NGA,2002,42.4
NGA,2003,42.2
NGA,2004,42.1
NGA,2005,41.9
NGA,2006,41.8
NGA,2007,41.6
NGA,2008,41.4
NGA,2009,41.2
NGA,2010,40.9
NGA,2011,40.6
NGA,2012,40.2
NGA,2013,40
NGA,2014,39.7
NGA,2015,39.4
NGA,2016,39.2
NGA,2017,39
NGA,2018,38.9
NGA,2019,38.7
NGA,2020,38.6
NGA,2021,38.5
NGA,2022,38.4
MKD,1994,29.9
MKD,1995,30
MKD,1996,30.1
MKD,1997,30.3
MKD,1998,30.5
MKD,1999,31.1
MKD,2000,31.7
MKD,2001,32.3
MKD,2002,32.9
MKD,2003,33.5
MKD,2004,34.1
MKD,2005,34.6
MKD,2006,35
MKD,2007,35.2
MKD,2008,35.3
MKD,2009,35.1
MKD,2010,34.8
MKD,2011,34.2
MKD,2012,33.7
MKD,2013,33.2
MKD,2014,32.8
MKD,2015,32.3
MKD,2016,31.9
MKD,2017,31.5
MKD,2018,31.2
MKD,2019,31.1
MKD,2020,31
MKD,2021,30.9
MKD,2022,30.9
NOR,1970,26.1
NOR,1971,26.4
NOR,1972,26.7
NOR,1973,27
NOR,1974,26.6
NOR,1975,26.2
NOR,1976,25.8
NOR,1977,24.9
NOR,1978,24.1
NOR,1979,23.3
NOR,1980,23.8
NOR,1981,24.3
NOR,1982,24.9
NOR,1983,24.7
NOR,1984,24.5
NOR,1985,24.1
NOR,1986,23.3
NOR,1987,22.4
NOR,1988,22
NOR,1989,22.8
NOR,1990,22.8
NOR,1991,23
NOR,1992,23
NOR,1993,23.4
NOR,1994,24
NOR,1995,24.2
NOR,1996,24.5
NOR,1997,24.7
NOR,1998,24.4
NOR,1999,24.6
NOR,2000,24.9
NOR,2001,24.6
NOR,2002,25.9
NOR,2003,26.6
NOR,2004,26.4
NOR,2005,26.4
NOR,2006,25.4
NOR,2007,24.7
NOR,2008,24.6
NOR,2009,24.5
NOR,2010,24.7
NOR,2011,24.7
NOR,2012,24.8
NOR,2013,25.2
NOR,2014,25.4
NOR,2015,25.8
NOR,2016,26
NOR,2017,25.8
NOR,2018,25.9
NOR,2019,26
NOR,2020,26.3
NOR,2021,27.8
NOR,2022,26.1
NOR,2023,25.7
OMN,2000,38.4
OMN,2001,38.2
OMN,2002,38
OMN,2003,37.7
OMN,2004,37.5
OMN,2005,37.3
OMN,2006,37.1
OMN,2007,36.7
OMN,2008,36.4
OMN,2009,36.2
OMN,2010,36
OMN,2011,35.9
OMN,2012,35.8
OMN,2013,35.7
OMN,2014,35.6
OMN,2015,35.5
OMN,2016,35.4
OMN,2017,35.3
OMN,2018,35.2
OMN,2019,35.1
PAK,1964,33.9
PAK,1965,33.8
PAK,1966,33.7
PAK,1967,33.6
PAK,1968,33.2
PAK,1969,32.8
PAK,1970,32.6
PAK,1971,32.4
PAK,1972,32.6
PAK,1973,32.7
PAK,1974,32.9
PAK,1975,33
PAK,1976,33.2
PAK,1977,33.4
PAK,1978,33.5
PAK,1979,33.7
PAK,1980,33.8
PAK,1981,33.8
PAK,1982,33.9
PAK,1983,33.9
PAK,1984,34
PAK,1985,34.1
PAK,1986,34.1
PAK,1987,34.1
PAK,1988,34.2
PAK,1989,34.4
PAK,1990,34.6
PAK,1991,34.6
PAK,1992,34.4
PAK,1993,34.3
PAK,1994,34.2
PAK,1995,34.1
PAK,1996,34.1
PAK,1997,34.1
PAK,1998,34.2
PAK,1999,34.2
PAK,2000,34
PAK,2001,33.8
PAK,2002,34.1
PAK,2003,34.2
PAK,2004,34.2
PAK,2005,34.3
PAK,2006,34.2
PAK,2007,34.2
PAK,2008,34.3
PAK,2009,34.1
PAK,2010,34
PAK,2011,34.1
PAK,2012,34
PAK,2013,33.9
PAK,2014,34
PAK,2015,34
PAK,2016,34
PAK,2017,34
PAK,2018,34
PAK,2019,34.1
PAK,2020,34.2
PAK,2021,34.3
PAK,2022,34.4
PAK,2023,34.5
PAK,2024,34.6
PLW,2006,45.4
PLW,2007,45.5
PLW,2008,45.7
PLW,2009,45.8
PLW,2010,46
PLW,2011,46.1
PLW,2012,46.3
PLW,2013,46.4
PLW,2014,46.6
PSE,1996,36.9
PSE,1997,36.9
PSE,1998,37.1
PSE,1999,37.2
PSE,2000,37.3
PSE,2001,37.5
PSE,2002,37.6
PSE,2003,37.8
PSE,2004,37.9
PSE,2005,38.2
PSE,2006,38.4
PSE,2007,38.7
PSE,2008,38.8
PSE,2009,38.9
PSE,2010,39.2
PSE,2011,39.4
PSE,2012,39.6
PSE,2013,39.9
PSE,2014,40.2
PSE,2015,40.5
PSE,2016,40.8
PSE,2017,41.4
PSE,2018,42.1
PSE,2019,42.9
PSE,2020,43.6
PSE,2021,44.4
PSE,2022,45.1
PSE,2023,45.9
PAN,1970,31.4
PAN,1971,32.6
PAN,1972,33.7
PAN,1973,34.8
PAN,1974,36
PAN,1975,37.1
PAN,1976,38.2
PAN,1977,39.3
PAN,1978,40.5
PAN,1979,41.6
PAN,1980,42.6
PAN,1981,43.5
PAN,1982,44.5
PAN,1983,45.4
PAN,1984,46.4
PAN,1985,47.4
PAN,1986,48.3
PAN,1987,49.3
PAN,1988,50.2
PAN,1989,51.2
PAN,1990,51.5
PAN,1991,51.8
PAN,1992,51.8
PAN,1993,51.7
PAN,1994,51.7
PAN,1995,51.7
PAN,1996,52.1
PAN,1997,52.3
PAN,1998,51.9
PAN,1999,51.7
PAN,2000,51.9
PAN,2001,51.9
PAN,2002,51.8
PAN,2003,51.5
PAN,2004,50.9
PAN,2005,50.3
PAN,2006,49.9
PAN,2007,49
PAN,2008,48.4
PAN,2009,47.9
PAN,2010,47.7
PAN,2011,47.6
PAN,2012,47.1
PAN,2013,46.6
PAN,2014,46.1
PAN,2015,46
PAN,2016,45.8
PAN,2017,45.6
PAN,2018,45.5
PAN,2019,45.6
PAN,2020,45.9
PAN,2021,46.2
PAN,2022,45.6
PAN,2023,45
PAN,2024,45.1
PNG,1996,47.5
PNG,1997,47.5
PNG,1998,47.5
PNG,1999,47.5
PNG,2000,47.5
PNG,2001,47.5
PNG,2002,47.5
PNG,2003,47.5
PNG,2004,47.5
PNG,2005,47.5
PNG,2006,47.4
PNG,2007,47.3
PNG,2008,47.2
PNG,2009,47.1
PRY,1990,37.3
PRY,1991,40.5
PRY,1992,43.8
PRY,1993,47
PRY,1994,50.2
PRY,1995,53.4
PRY,1996,53.4
PRY,1997,53.3
PRY,1998,53.2
PRY,1999,53.1
PRY,2000,53
PRY,2001,52.8
PRY,2002,52.7
PRY,2003,52.4
PRY,2004,51.7
PRY,2005,51.2
PRY,2006,50.7
PRY,2007,50.3
PRY,2008,49.9
PRY,2009,49.7
PRY,2010,49.5
PRY,2011,49.2
PRY,2012,48.6
PRY,2013,48.4
PRY,2014,48.3
PRY,2015,48
PRY,2016,47.7
PRY,2017,47.1
PRY,2018,46.4
PRY,2019,45.8
PRY,2020,45.3
PRY,2021,45
PRY,2022,45.1
PRY,2023,45
PRY,2024,45
PER,1972,54.5
PER,1973,54.5
PER,1974,54.5
PER,1975,54.5
PER,1976,54.5
PER,1977,54.4
PER,1978,54.4
PER,1979,54.4
PER,1980,54.4
PER,1981,54.4
PER,1982,54.3
PER,1983,54.3
PER,1984,54.2
PER,1985,54.1
PER,1986,54
PER,1987,53.8
PER,1988,53.7
PER,1989,53.5
PER,1990,53.4
PER,1991,53.2
PER,1992,53.1
PER,1993,53
PER,1994,52.8
PER,1995,52.6
PER,1996,52.3
PER,1997,52.1
PER,1998,52.1
PER,1999,51.7
PER,2000,50.6
PER,2001,50.9
PER,2002,51.8
PER,2003,52.4
PER,2004,52.3
PER,2005,51.7
PER,2006,51
PER,2007,50.4
PER,2008,49.4
PER,2009,48.6
PER,2010,47.9
PER,2011,47.1
PER,2012,46.5
PER,2013,45.8
PER,2014,45.3
PER,2015,45.1
PER,2016,45
PER,2017,44.6
PER,2018,44.3
PER,2019,44
PER,2020,44.6
PER,2021,43.5
PER,2022,42.3
PER,2023,42
PER,2024,41.7
PHL,1961,42.7
PHL,1962,42.7
PHL,1963,42.7
PHL,1964,42.8
PHL,1965,42.8
PHL,1966,42.8
PHL,1967,42.8
PHL,1968,42.7
PHL,1969,42.7
PHL,1970,42.7
PHL,1971,42.7
PHL,1972,42.6
PHL,1973,42.5
PHL,1974,42.5
PHL,1975,42.4
PHL,1976,42.3
PHL,1977,42.3
PHL,1978,42.2
PHL,1979,42.1
PHL,1980,42.1
PHL,1981,42
PHL,1982,41.9
PHL,1983,41.9
PHL,1984,41.9
PHL,1985,41.8
PHL,1986,41.8
PHL,1987,41.9
PHL,1988,41.9
PHL,1989,42
PHL,1990,42.2
PHL,1991,42.4
PHL,1992,42.5
PHL,1993,42.6
PHL,1994,42.7
PHL,1995,42.9
PHL,1996,43.1
PHL,1997,43.3
PHL,1998,43.2
PHL,1999,43.1
PHL,2000,43
PHL,2001,42.9
PHL,2002,42.8
PHL,2003,42.7
PHL,2004,42.6
PHL,2005,42.5
PHL,2006,42.4
PHL,2007,42.2
PHL,2008,42.1
PHL,2009,41.9
PHL,2010,41.7
PHL,2011,41.4
PHL,2012,41.1
PHL,2013,40.8
PHL,2014,40.4
PHL,2015,40
PHL,2016,39.6
PHL,2017,39.2
PHL,2018,38.8
PHL,2019,38.4
PHL,2020,38.1
PHL,2021,37.8
PHL,2022,37.5
PHL,2023,37.3
POL,1983,29.1
POL,1984,27.4
POL,1985,26
POL,1986,26.5
POL,1987,25.7
POL,1988,25.8
POL,1989,25.9
POL,1990,25.1
POL,1991,25.5
POL,1992,26.6
POL,1993,28
POL,1994,29.3
POL,1995,30.8
POL,1996,29.8
POL,1997,29.8
POL,1998,29.2
POL,1999,29.1
POL,2000,29.8
POL,2001,30.2
POL,2002,30.6
POL,2003,31.2
POL,2004,31.5
POL,2005,31.3
POL,2006,31
POL,2007,31.1
POL,2008,31
POL,2009,31
POL,2010,31.1
POL,2011,31.3
POL,2012,31.4
POL,2013,31.4
POL,2014,30.9
POL,2015,30.2
POL,2016,28.9
POL,2017,28.6
POL,2018,28.7
POL,2019,28.7
POL,2020,29
POL,2021,29.4
POL,2022,29.4
POL,2023,29.2
PRT,1968,30.3
PRT,1969,30.4
PRT,1970,30.6
PRT,1971,30.8
PRT,1972,31
PRT,1973,31.2
PRT,1974,31.3
PRT,1975,31.7
PRT,1976,32.1
PRT,1977,32.4
PRT,1978,32.8
PRT,1979,33.1
PRT,1980,33.5
PRT,1981,33.5
PRT,1982,33.5
PRT,1983,33.5
PRT,1984,33.5
PRT,1985,33.5
PRT,1986,33.4
PRT,1987,33.4
PRT,1988,33.4
PRT,1989,33.4
PRT,1990,33.3
PRT,1991,33
PRT,1992,32.7
PRT,1993,32.4
PRT,1994,32
PRT,1995,31.7
PRT,1996,31.5
PRT,1997,31.4
PRT,1998,31.3
PRT,1999,31.4
PRT,2000,31.6
PRT,2001,31.9
PRT,2002,32.4
PRT,2003,32.9
PRT,2004,33.4
PRT,2005,33.6
PRT,2006,33.7
PRT,2007,33.5
PRT,2008,33.3
PRT,2009,33.1
PRT,2010,33.1
PRT,2011,33.1
PRT,2012,33.1
PRT,2013,33.2
PRT,2014,33
PRT,2015,32.7
PRT,2016,32.4
PRT,2017,32
PRT,2018,31.7
PRT,2019,31.6
PRT,2020,31.6
PRT,2021,31.6
PRT,2022,31.7
PRT,2023,31.6
PRI,1963,45.7
PRI,1964,45.9
PRI,1965,46.1
PRI,1966,46.3
PRI,1967,46.5
PRI,1968,46.7
PRI,1969,46.9
PRI,1970,47
PRI,1971,47.1
PRI,1972,47.2
PRI,1973,47.3
PRI,1974,47.4
PRI,1975,47.5
PRI,1976,47.6
PRI,1977,47.7
PRI,1978,47.7
PRI,1979,47.8
PRI,1980,47.9
PRI,1981,48
PRI,1982,48.1
PRI,1983,48.2
PRI,1984,48.2
PRI,1985,48.3
PRI,1986,48.4
PRI,1987,48.5
PRI,1988,48.6
PRI,1989,48.7
PRI,1990,48.8
PRI,1991,48.9
PRI,1992,49
PRI,1993,49.2
PRI,1994,49.3
PRI,1995,49.4
PRI,1996,49.5
PRI,1997,49.7
PRI,1998,49.8
PRI,1999,49.9
PRI,2000,49.9
PRI,2001,50
PRI,2002,50.1
PRI,2003,50.1
PRI,2004,50.2
PRI,2005,50.3
PRI,2006,50.3
PRI,2007,50.4
PRI,2008,50.5
PRI,2009,50.5
PRI,2010,50.5
PRI,2011,50.6
PRI,2012,50.7
PRI,2013,50.8
PRI,2014,50.9
PRI,2015,51
PRI,2016,51
PRI,2017,51.1
PRI,2018,51.1
PRI,2019,51.1
PRI,2020,51.1
PRI,2021,51.1
PRI,2022,51.1
PRI,2023,51.2
QAT,1988,38.3
QAT,1989,38.3
QAT,1990,38.3
QAT,1991,38.3
QAT,1992,38.3
QAT,1993,38.3
QAT,1994,38.3
QAT,1995,38.3
QAT,1996,38.3
QAT,1997,38.3
QAT,1998,38.3
QAT,1999,38.3
QAT,2000,38.3
QAT,2001,38.3
QAT,2002,38.4
QAT,2003,38.4
QAT,2004,38.4
QAT,2005,38.4
QAT,2006,38.4
QAT,2007,38.4
QAT,2008,38.3
QAT,2009,38.2
QAT,2010,38.1
QAT,2011,38
QAT,2012,37.9
QAT,2013,37.8
QAT,2014,37.6
QAT,2015,37.4
QAT,2016,37.2
QAT,2017,37
ROU,1989,21.1
ROU,1990,20.5
ROU,1991,21.5
ROU,1992,22.6
ROU,1993,24.2
ROU,1994,25.8
ROU,1995,27.4
ROU,1996,27.7
ROU,1997,28.1
ROU,1998,28.6
ROU,1999,29.1
ROU,2000,29.6
ROU,2001,30.3
ROU,2002,30.8
ROU,2003,31.3
ROU,2004,31.8
ROU,2005,32.2
ROU,2006,32.5
ROU,2007,31.8
ROU,2008,31.2
ROU,2009,30.7
ROU,2010,30.7
ROU,2011,30.8
ROU,2012,30.9
ROU,2013,31
ROU,2014,31.2
ROU,2015,31.2
ROU,2016,31.2
ROU,2017,31.7
ROU,2018,31.7
ROU,2019,31.3
ROU,2020,30.8
ROU,2021,29.7
ROU,2022,28.8
ROU,2023,27.7
RUS,1988,23.7
RUS,1989,23.6
RUS,1990,23.8
RUS,1991,25.3
RUS,1992,28.4
RUS,1993,32.7
RUS,1994,35.4
RUS,1995,36.9
RUS,1996,37.2
RUS,1997,36.7
RUS,1998,36.7
RUS,1999,36.6
RUS,2000,36.9
RUS,2001,36.5
RUS,2002,36.1
RUS,2003,36.6
RUS,2004,36.9
RUS,2005,36.1
RUS,2006,35.9
RUS,2007,35.6
RUS,2008,35.9
RUS,2009,35.2
RUS,2010,35.1
RUS,2011,35.3
RUS,2012,35.1
RUS,2013,34.6
RUS,2014,34
RUS,2015,33.3
RUS,2016,32.9
RUS,2017,32.1
RUS,2018,31.9
RUS,2019,31.5
RUS,2020,30.9
RUS,2021,31
RUS,2022,30.8
RUS,2023,30.6
RWA,1986,42.6
RWA,1987,43.1
RWA,1988,43.6
RWA,1989,44.1
RWA,1990,44.6
RWA,1991,45.1
RWA,1992,45.6
RWA,1993,46
RWA,1994,46.5
RWA,1995,47
RWA,1996,47.5
RWA,1997,48
RWA,1998,48.5
RWA,1999,49.1
RWA,2000,49.6
RWA,2001,50
RWA,2002,50.2
RWA,2003,50.3
RWA,2004,50.5
RWA,2005,50.7
RWA,2006,50.6
RWA,2007,50.5
RWA,2008,50.3
RWA,2009,50.2
RWA,2010,50.1
RWA,2011,49.8
RWA,2012,49.4
RWA,2013,49.1
RWA,2014,48.9
RWA,2015,48.6
RWA,2016,48.3
RWA,2017,48.1
RWA,2018,47.9
RWA,2019,47.7
RWA,2020,47.6
RWA,2021,47.4
RWA,2022,47.2
RWA,2023,47
WSM,2002,42.7
WSM,2003,42.7
WSM,2004,42.7
WSM,2005,42.7
WSM,2006,42.8
WSM,2007,42.7
WSM,2008,42.8
WSM,2009,42.7
WSM,2010,42.6
WSM,2011,42.6
WSM,2012,42.5
WSM,2013,42.4
SMR,2006,24.7
SMR,2007,24.5
SMR,2008,24.3
SMR,2009,24.2
SMR,2010,24
SMR,2011,23.9
SMR,2012,23.8
SMR,2013,23.8
SMR,2014,23.8
SMR,2015,23.8
SMR,2016,23.7
SMR,2017,23.7
SMR,2018,23.7
SAU,2007,48.2
SAU,2008,48.2
SAU,2009,48.1
SAU,2010,48.1
SAU,2011,48.1
SAU,2012,48.1
SAU,2013,48
SAU,2014,47.9
SAU,2015,47.9
SAU,2016,47.8
SAU,2017,47.8
SAU,2018,47.7
SEN,1991,42.9
SEN,1992,42.7
SEN,1993,42.6
SEN,1994,42.4
SEN,1995,42.2
SEN,1996,42.2
SEN,1997,42.1
SEN,1998,42
SEN,1999,42
SEN,2000,41.9
SEN,2001,41.8
SEN,2002,41.7
SEN,2003,41.5
SEN,2004,41.4
SEN,2005,41.3
SEN,2006,41.1
SEN,2007,41.1
SEN,2008,41
SEN,2009,40.9
SEN,2010,40.7
SEN,2011,40.6
SEN,2012,40.6
SEN,2013,40.5
SEN,2014,40.4
SEN,2015,40.3
SEN,2016,40.2
SEN,2017,40.2
SEN,2018,40.1
SEN,2019,40
SEN,2020,39.9
SEN,2021,39.9
SRB,1997,30.8
SRB,1998,30.9
SRB,1999,31.4
SRB,2000,32.4
SRB,2001,33.2
SRB,2002,33.8
SRB,2003,34.4
SRB,2004,34.9
SRB,2005,35
SRB,2006,34.6
SRB,2007,34.3
SRB,2008,33.6
SRB,2009,33.1
SRB,2010,33
SRB,2011,32.9
SRB,2012,33.1
SRB,2013,33.3
SRB,2014,33.3
SRB,2015,33
SRB,2016,32.5
SRB,2017,32
SRB,2018,32
SRB,2019,31.1
SRB,2020,31.1
SRB,2021,31.2
SRB,2022,31
SRB,2023,30.6
SYC,1999,40.5
SYC,2000,40.5
SYC,2001,40.5
SYC,2002,40.4
SYC,2003,40.4
SYC,2004,40.3
SYC,2005,40.3
SYC,2006,40.2
SYC,2007,40
SYC,2008,39.8
SYC,2009,39.6
SYC,2010,39.3
SYC,2011,39.1
SYC,2012,38.9
SYC,2013,38.6
SYC,2014,38.3
SYC,2015,38
SYC,2016,37.7
SYC,2017,37.3
SYC,2018,37
SLE,1969,42.5
SLE,1970,42.6
SLE,1971,42.8
SLE,1972,42.9
SLE,1973,43
SLE,1974,43.2
SLE,1975,43.3
SLE,1976,43.4
SLE,1977,43.6
SLE,1978,43.7
SLE,1979,43.8
SLE,1980,44
SLE,1981,44.1
SLE,1982,44.2
SLE,1983,44.3
SLE,1984,44.5
SLE,1985,44.6
SLE,1986,44.7
SLE,1987,44.9
SLE,1988,45
SLE,1989,45.2
SLE,1990,45
SLE,1991,44.8
SLE,1992,44.6
SLE,1993,44.3
SLE,1994,44.1
SLE,1995,43.9
SLE,1996,43.7
SLE,1997,43.5
SLE,1998,43.3
SLE,1999,43.1
SLE,2000,42.9
SLE,2001,42.7
SLE,2002,42.5
SLE,2003,42.2
SLE,2004,41.9
SLE,2005,41.7
SLE,2006,41.3
SLE,2007,41
SLE,2008,40.6
SLE,2009,40.3
SLE,2010,39.9
SLE,2011,39.6
SLE,2012,39.5
SLE,2013,39.4
SLE,2014,39.3
SLE,2015,39.3
SLE,2016,39.2
SLE,2017,39.1
SLE,2018,39.1
SGP,1973,36.1
SGP,1974,36.1
SGP,1975,36
SGP,1976,36
SGP,1977,36
SGP,1978,36
SGP,1979,36.1
SGP,1980,36.1
SGP,1981,36.2
SGP,1982,36.3
SGP,1983,36.3
SGP,1984,36.4
SGP,1985,36.5
SGP,1986,36.6
SGP,1987,36.7
SGP,1988,36.8
SGP,1989,37
SGP,1990,37.3
SGP,1991,37.5
SGP,1992,37.7
SGP,1993,37.9
SGP,1994,38
SGP,1995,38.1
SGP,1996,38.2
SGP,1997,38.3
SGP,1998,38.4
SGP,1999,38.4
SGP,2000,38.4
SGP,2001,38.5
SGP,2002,38.6
SGP,2003,38.7
SGP,2004,38.8
SGP,2005,38.9
SGP,2006,39
SGP,2007,39.1
SGP,2008,39.1
SGP,2009,39
SGP,2010,38.9
SGP,2011,38.8
SGP,2012,38.7
SGP,2013,38.4
SGP,2014,38.2
SGP,2015,37.9
SGP,2016,37.6
SGP,2017,37.4
SGP,2018,37.2
SGP,2019,36.9
SGP,2020,36.6
SGP,2021,36.3
SGP,2022,36
SGP,2023,35.9
SGP,2024,35.8
SVK,1988,18.3
SVK,1989,17.6
SVK,1990,17.7
SVK,1991,18.1
SVK,1992,18.8
SVK,1993,19.2
SVK,1994,20.7
SVK,1995,22.2
SVK,1996,23.7
SVK,1997,24.4
SVK,1998,25
SVK,1999,25.4
SVK,2000,25.8
SVK,2001,26.1
SVK,2002,26.5
SVK,2003,26.8
SVK,2004,26.8
SVK,2005,26.6
SVK,2006,25.4
SVK,2007,25
SVK,2008,24.9
SVK,2009,25.3
SVK,2010,25.6
SVK,2011,25.2
SVK,2012,24.9
SVK,2013,25.3
SVK,2014,24.8
SVK,2015,24.4
SVK,2016,23.5
SVK,2017,22.8
SVK,2018,22.9
SVK,2019,22.4
SVK,2020,22.5
SVK,2021,22.3
SVK,2022,22.4
SVK,2023,22.3
SVN,1987,21.3
SVN,1988,21
SVN,1989,21.5
SVN,1990,21.9
SVN,1991,22.6
SVN,1992,23.1
SVN,1993,23.5
SVN,1994,23.2
SVN,1995,23.3
SVN,1996,23.3
SVN,1997,23.2
SVN,1998,23.3
SVN,1999,23.2
SVN,2000,23.2
SVN,2001,23.1
SVN,2002,23.1
SVN,2003,23.3
SVN,2004,23.3
SVN,2005,23.6
SVN,2006,23.6
SVN,2007,23.3
SVN,2008,23.4
SVN,2009,24.1
SVN,2010,24.8
SVN,2011,24.9
SVN,2012,25.7
SVN,2013,25.3
SVN,2014,25.1
SVN,2015,25.2
SVN,2016,24.6
SVN,2017,24.2
SVN,2018,24.1
SVN,2019,24
SVN,2020,23.8
SVN,2021,23.7
SVN,2022,23.8
SVN,2023,23.9
SLB,2005,43.4
SLB,2006,43.3
SLB,2007,43.2
SLB,2008,43.1
SLB,2009,43
SLB,2010,42.8
SLB,2011,42.7
SLB,2012,42.6
SOM,2002,35.5
ZAF,1975,59.2
ZAF,1976,59.4
ZAF,1977,59.5
ZAF,1978,59.6
ZAF,1979,59.8
ZAF,1980,59.9
ZAF,1981,60.1
ZAF,1982,60.2
ZAF,1983,60.3
ZAF,1984,60.4
ZAF,1985,60.6
ZAF,1986,60.7
ZAF,1987,60.8
ZAF,1988,61
ZAF,1989,61.1
ZAF,1990,61.2
ZAF,1991,61.3
ZAF,1992,61.5
ZAF,1993,61.6
ZAF,1994,61.6
ZAF,1995,61.5
ZAF,1996,61.6
ZAF,1997,61.7
ZAF,1998,61.8
ZAF,1999,61.9
ZAF,2000,62
ZAF,2001,62.3
ZAF,2002,62.6
ZAF,2003,62.8
ZAF,2004,63.1
ZAF,2005,63.4
ZAF,2006,63.6
ZAF,2007,63.8
ZAF,2008,63.9
ZAF,2009,63.7
ZAF,2010,63.5
ZAF,2011,63.3
ZAF,2012,63
ZAF,2013,62.8
ZAF,2014,62.6
ZAF,2015,62.4
ZAF,2016,62.2
ZAF,2017,62
ZAF,2018,61.9
ZAF,2019,61.7
ZAF,2020,61.6
ZAF,2021,61.4
ZAF,2022,61.2
SSD,2009,46.9
SSD,2010,46.8
SSD,2011,46.8
SSD,2012,46.8
SSD,2013,46.7
SSD,2014,46.7
SSD,2015,46.7
SSD,2016,46.7
RUS,1980,24.3
RUS,1981,24.3
RUS,1982,24.3
RUS,1983,24.2
RUS,1984,24.2
RUS,1985,24.2
RUS,1986,24.3
RUS,1987,24.4
ESP,1974,32.1
ESP,1975,32.1
ESP,1976,32.1
ESP,1977,32.1
ESP,1978,32.1
ESP,1979,32.1
ESP,1980,32.1
ESP,1981,32.3
ESP,1982,32.3
ESP,1983,32.4
ESP,1984,32.5
ESP,1985,32.5
ESP,1986,33
ESP,1987,32.1
ESP,1988,31.3
ESP,1989,30.6
ESP,1990,30.6
ESP,1991,31
ESP,1992,30.7
ESP,1993,32.6
ESP,1994,33.2
ESP,1995,33.5
ESP,1996,33.7
ESP,1997,33.4
ESP,1998,33
ESP,1999,32.5
ESP,2000,31.9
ESP,2001,30.9
ESP,2002,30.6
ESP,2003,31.7
ESP,2004,32.5
ESP,2005,32.4
ESP,2006,32.1
ESP,2007,32.4
ESP,2008,32.7
ESP,2009,33.1
ESP,2010,33.5
ESP,2011,33.7
ESP,2012,33.8
ESP,2013,34.2
ESP,2014,34.3
ESP,2015,34.2
ESP,2016,33.9
ESP,2017,33.3
ESP,2018,32.9
ESP,2019,32.4
ESP,2020,32.4
ESP,2021,31.9
ESP,2022,31.5
ESP,2023,31.4
LKA,1970,36.6
LKA,1971,36.8
LKA,1972,37
LKA,1973,37.2
LKA,1974,37.6
LKA,1975,38
LKA,1976,38.4
LKA,1977,38.7
LKA,1978,39.1
LKA,1979,39.5
LKA,1980,39.8
LKA,1981,40.2
LKA,1982,40.4
LKA,1983,40.7
LKA,1984,40.9
LKA,1985,41.1
LKA,1986,41.4
LKA,1987,41.6
LKA,1988,41.9
LKA,1989,42.2
LKA,1990,42.4
LKA,1991,42.7
LKA,1992,43.1
LKA,1993,43.4
LKA,1994,43.8
LKA,1995,44.1
LKA,1996,44.4
LKA,1997,44.8
LKA,1998,45.3
LKA,1999,45.7
LKA,2000,46.1
LKA,2001,46.5
LKA,2002,46.9
LKA,2003,47.1
LKA,2004,47.3
LKA,2005,47.6
LKA,2006,47.9
LKA,2007,47.9
LKA,2008,47.9
LKA,2009,47.8
LKA,2010,47.8
LKA,2011,47.9
LKA,2012,47.9
LKA,2013,47.9
LKA,2014,48
LKA,2015,48.1
LKA,2016,48.2
LKA,2017,48.2
LKA,2018,48.2
LKA,2019,48.2
KNA,2000,42.6
KNA,2001,42.7
KNA,2002,42.7
KNA,2003,42.8
KNA,2004,42.8
KNA,2005,42.9
KNA,2006,42.9
KNA,2007,43
KNA,2008,43
KNA,2009,43.1
LCA,1995,46.2
LCA,1996,46.2
LCA,1997,46.3
LCA,1998,46.4
LCA,1999,46.5
LCA,2000,46.6
LCA,2001,46.7
LCA,2002,46.7
LCA,2003,46.8
LCA,2004,46.9
LCA,2005,47
LCA,2006,47
LCA,2007,47.1
LCA,2008,47.2
LCA,2009,47.2
LCA,2010,47.3
LCA,2011,47.3
LCA,2012,47.4
LCA,2013,47.4
LCA,2014,47.5
LCA,2015,47.5
VCT,1995,50.5
VCT,1996,50.4
VCT,1997,50.3
VCT,1998,50.2
VCT,1999,50.1
VCT,2000,50
VCT,2001,49.9
VCT,2002,49.8
VCT,2003,49.7
VCT,2004,49.6
VCT,2005,49.6
VCT,2006,49.5
VCT,2007,49.4
VCT,2008,49.3
SDN,1968,42.6
SDN,1969,42.8
SDN,1970,42.9
SDN,1971,43.1
SDN,1972,43.2
SDN,1973,43.4
SDN,1974,43.6
SDN,1975,43.7
SDN,1976,43.9
SDN,1977,44.1
SDN,1978,44.2
SDN,1979,44.4
SDN,1980,44.6
SDN,1981,44.8
SDN,1982,44.9
SDN,1983,45.1
SDN,1984,45.2
SDN,1985,45.4
SDN,1986,45.6
SDN,1987,45.7
SDN,1988,45.9
SDN,1989,46
SDN,1990,46.2
SDN,1991,46.4
SDN,1992,46.6
SDN,1993,46.7
SDN,1994,46.9
SDN,1995,47
SDN,1996,47.2
SDN,1997,47.4
SDN,1998,47.5
SDN,1999,47.7
SDN,2000,47.9
SDN,2001,48.1
SDN,2002,48.2
SDN,2003,48.4
SDN,2004,48.6
SDN,2005,48.7
SDN,2006,48.9
SDN,2007,49.1
SDN,2008,49.2
SDN,2009,49.4
SDN,2010,49.2
SDN,2011,48.9
SDN,2012,48.7
SDN,2013,48.5
SDN,2014,48.3
SUR,2005,46.9
SUR,2006,46.7
SUR,2007,46.6
SUR,2008,46.5
SUR,2009,46.4
SUR,2010,46.3
SUR,2011,46.2
SUR,2012,46.1
SUR,2013,46
SUR,2014,45.9
SUR,2015,45.8
SUR,2016,45.7
SUR,2017,45.7
SUR,2018,45.7
SUR,2019,45.6
SUR,2020,45.6
SUR,2021,45.6
SUR,2022,45.5
SWE,1960,45.5
SWE,1961,44.9
SWE,1962,44.3
SWE,1963,43.5
SWE,1964,42.7
SWE,1965,41.7
SWE,1966,40.7
SWE,1967,39.4
SWE,1968,37.8
SWE,1969,35.9
SWE,1970,33.7
SWE,1971,31.1
SWE,1972,28.6
SWE,1973,26.8
SWE,1974,24.8
SWE,1975,22.5
SWE,1976,22.5
SWE,1977,22.1
SWE,1978,21.4
SWE,1979,21
SWE,1980,20.3
SWE,1981,20
SWE,1982,20.1
SWE,1983,20.5
SWE,1984,20.4
SWE,1985,20.4
SWE,1986,20.7
SWE,1987,21.1
SWE,1988,21
SWE,1989,21.7
SWE,1990,22.4
SWE,1991,22.3
SWE,1992,22.9
SWE,1993,23.3
SWE,1994,23.6
SWE,1995,22.8
SWE,1996,24.2
SWE,1997,24.9
SWE,1998,25.3
SWE,1999,25.2
SWE,2000,25.1
SWE,2001,24.8
SWE,2002,24.5
SWE,2003,24.1
SWE,2004,24.1
SWE,2005,24.5
SWE,2006,25.3
SWE,2007,25.9
SWE,2008,26.2
SWE,2009,26.8
SWE,2010,27
SWE,2011,27.4
SWE,2012,27.4
SWE,2013,27.8
SWE,2014,28
SWE,2015,28.3
SWE,2016,28.4
SWE,2017,28.5
SWE,2018,28.5
SWE,2019,28.4
SWE,2020,28.3
SWE,2021,28.6
SWE,2022,28.9
SWE,2023,28.6
CHE,1980,30.7
CHE,1981,30.9
CHE,1982,31
CHE,1983,31
CHE,1984,31
CHE,1985,30.9
CHE,1986,30.8
CHE,1987,30.8
CHE,1988,30.7
CHE,1989,30.7
CHE,1990,30.6
CHE,1991,30.6
CHE,1992,30.5
CHE,1993,30.2
CHE,1994,29.9
CHE,1995,29.6
CHE,1996,29.4
CHE,1997,29
CHE,1998,28.7
CHE,1999,28.4
CHE,2000,28.1
CHE,2001,27.7
CHE,2002,27.5
CHE,2003,27.4
CHE,2004,27.6
CHE,2005,28.4
CHE,2006,29.4
CHE,2007,30.1
CHE,2008,30.1
CHE,2009,29.8
CHE,2010,29.6
CHE,2011,29.2
CHE,2012,29.2
CHE,2013,29.5
CHE,2014,29.7
CHE,2015,29.9
CHE,2016,30.1
CHE,2017,30.2
CHE,2018,30.4
CHE,2019,30.7
CHE,2020,30.9
CHE,2021,30.9
CHE,2022,31
CHE,2023,31
SYR,1996,36
SYR,1997,36
SYR,1998,36.2
SYR,1999,36.3
SYR,2000,36.5
SYR,2001,36.6
SYR,2002,36.8
SYR,2003,36.9
SYR,2004,37
SYR,2005,37
SYR,2006,37
SYR,2007,36.8
SYR,2008,36.7
SYR,2009,36.6
SYR,2010,36.4
SYR,2011,36.2
SYR,2012,35.9
SYR,2013,35.7
SYR,2014,35.4
SYR,2015,35.2
SYR,2016,34.9
SYR,2017,34.7
SYR,2018,34.4
SYR,2019,34.2
SYR,2020,33.9
SYR,2021,33.7
SYR,2022,33.4
STP,2000,33.6
STP,2001,33.7
STP,2002,33.7
STP,2003,33.7
STP,2004,33.7
STP,2005,33.7
STP,2006,33.7
STP,2007,33.8
STP,2008,33.8
STP,2009,33.8
STP,2010,33.8
STP,2011,34
STP,2012,34.3
STP,2013,34.5
STP,2014,34.7
STP,2015,34.9
STP,2016,35.1
STP,2017,35.3
TWN,1964,27.8
TWN,1965,27.7
TWN,1966,27.5
TWN,1967,27.3
TWN,1968,27.2
TWN,1969,26.7
TWN,1970,26.3
TWN,1971,26
TWN,1972,25.9
TWN,1973,25.9
TWN,1974,25.9
TWN,1975,25.9
TWN,1976,25.9
TWN,1977,25.9
TWN,1978,26
TWN,1979,26.1
TWN,1980,26.3
TWN,1981,26.7
TWN,1982,27
TWN,1983,27.2
TWN,1984,27.3
TWN,1985,27.2
TWN,1986,27
TWN,1987,27.5
TWN,1988,27.8
TWN,1989,27.9
TWN,1990,27.8
TWN,1991,27.4
TWN,1992,28.1
TWN,1993,28.5
TWN,1994,28.8
TWN,1995,29.1
TWN,1996,28.9
TWN,1997,28.9
TWN,1998,29
TWN,1999,29.1
TWN,2000,29.2
TWN,2001,30
TWN,2002,30.4
TWN,2003,30.5
TWN,2004,30.5
TWN,2005,30.5
TWN,2006,30.5
TWN,2007,30.7
TWN,2008,30.7
TWN,2009,30.9
TWN,2010,31.3
TWN,2011,30.8
TWN,2012,30.5
TWN,2013,30.6
TWN,2014,30.1
TWN,2015,30
TWN,2016,30.3
TWN,2017,30.6
TWN,2018,30.7
TWN,2019,30.5
TWN,2020,30.4
TWN,2021,30.4
TWN,2022,29.7
TWN,2023,29.2
TWN,2024,29
TJK,1988,31.6
TJK,1989,31.7
TJK,1990,32.5
TJK,1991,33.4
TJK,1992,34.3
TJK,1993,35.2
TJK,1994,36.1
TJK,1995,37
TJK,1996,37.9
TJK,1997,38.8
TJK,1998,39.7
TJK,1999,40.6
TJK,2000,41.3
TJK,2001,42
TJK,2002,42.7
TJK,2003,43.4
TJK,2004,43.6
TJK,2005,43.7
TJK,2006,43.8
TJK,2007,43.9
TJK,2008,44
TJK,2009,44
TJK,2010,44.2
TJK,2011,44.4
TJK,2012,44.5
TJK,2013,45
TJK,2014,45.4
TJK,2015,45.8
TJK,2016,46.1
TJK,2017,46.5
TJK,2018,46.8
TJK,2019,47.2
TJK,2020,47.5
TJK,2021,47.8
TJK,2022,48.3
TJK,2023,48.6
TJK,2024,48.6
TZA,1969,38.9
TZA,1970,38.8
TZA,1971,38.7
TZA,1972,38.6
TZA,1973,38.5
TZA,1974,38.4
TZA,1975,38.3
TZA,1976,38.2
TZA,1977,38.1
TZA,1978,38.3
TZA,1979,38.5
TZA,1980,38.7
TZA,1981,39
TZA,1982,39.2
TZA,1983,39.4
TZA,1984,39.7
TZA,1985,39.9
TZA,1986,40.1
TZA,1987,40.3
TZA,1988,40.6
TZA,1989,40.8
TZA,1990,41
TZA,1991,41.3
TZA,1992,41.4
TZA,1993,41.7
TZA,1994,41.9
TZA,1995,42.1
TZA,1996,42.3
TZA,1997,42.5
TZA,1998,42.7
TZA,1999,42.9
TZA,2000,43.1
TZA,2001,43.2
TZA,2002,43.4
TZA,2003,43.6
TZA,2004,43.9
TZA,2005,44.1
TZA,2006,44.3
TZA,2007,44.5
TZA,2008,44.6
TZA,2009,44.6
TZA,2010,44.7
TZA,2011,44.7
TZA,2012,44.7
TZA,2013,44.9
TZA,2014,45.1
TZA,2015,45.2
TZA,2016,45.3
TZA,2017,45.4
TZA,2018,45.5
THA,1962,40.8
THA,1963,40.9
THA,1964,41
THA,1965,41.1
THA,1966,41.2
THA,1967,41.3
THA,1968,41.4
THA,1969,41.5
THA,1970,41.6
THA,1971,41.7
THA,1972,41.8
THA,1973,41.9
THA,1974,41.9
THA,1975,42
THA,1976,42.2
THA,1977,42.4
THA,1978,42.7
THA,1979,42.9
THA,1980,43.1
THA,1981,43.3
THA,1982,43.5
THA,1983,43.7
THA,1984,43.9
THA,1985,44
THA,1986,44.2
THA,1987,44.4
THA,1988,44.5
THA,1989,44.6
THA,1990,44.7
THA,1991,44.8
THA,1992,44.8
THA,1993,44.7
THA,1994,44.5
THA,1995,44.4
THA,1996,44.2
THA,1997,44.1
THA,1998,44
THA,1999,43.9
THA,2000,43.8
THA,2001,43.5
THA,2002,43.3
THA,2003,43.2
THA,2004,43
THA,2005,42.8
THA,2006,42.6
THA,2007,42.3
THA,2008,41.9
THA,2009,41.5
THA,2010,41
THA,2011,40.6
THA,2012,40.2
THA,2013,39.7
THA,2014,39.2
THA,2015,38.8
THA,2016,38.4
THA,2017,38.1
THA,2018,37.8
THA,2019,37.4
THA,2020,37.2
THA,2021,36.9
THA,2022,36.7
THA,2023,36.6
THA,2024,36.5
TLS,2001,34.9
TLS,2002,34.6
TLS,2003,34.3
TLS,2004,34.1
TLS,2005,33.8
TLS,2006,33.5
TLS,2007,33.3
TLS,2008,33.2
TLS,2009,33.1
TLS,2010,33
TLS,2011,32.8
TLS,2012,32.7
TLS,2013,32.6
TLS,2014,32.6
TGO,2005,42.3
TGO,2006,42.5
TGO,2007,42.8
TGO,2008,43
TGO,2009,43.2
TGO,2010,43.4
TGO,2011,43.6
TGO,2012,43.6
TGO,2013,43.5
TGO,2014,43.5
TGO,2015,43.5
TGO,2016,43.4
TGO,2017,43.3
TGO,2018,43.2
TGO,2019,43.1
TGO,2020,43
TGO,2021,42.9
TON,1984,35.1
TON,1985,35.2
TON,1986,35.2
TON,1987,35.2
TON,1988,35.3
TON,1989,35.4
TON,1990,35.5
TON,1991,35.6
TON,1992,35.6
TON,1993,35.7
TON,1994,35.8
TON,1995,36
TON,1996,36.1
TON,1997,36.2
TON,1998,36.3
TON,1999,36.4
TON,2000,36.5
TON,2001,36.5
TON,2002,36.5
TON,2003,36.5
TON,2004,36.6
TON,2005,36.6
TON,2006,36.4
TON,2007,36.3
TON,2008,36.2
TON,2009,36.1
TON,2010,35.9
TON,2011,35.7
TON,2012,35.5
TON,2013,35.3
TON,2014,35
TON,2015,34.8
TON,2016,34.6
TON,2017,34.4
TON,2018,34.2
TON,2019,34
TON,2020,33.8
TON,2021,33.5
TTO,1972,42.3
TTO,1973,42.3
TTO,1974,42.4
TTO,1975,42.4
TTO,1976,42.4
TTO,1977,42.4
TTO,1978,42.5
TTO,1979,42.4
TTO,1980,42.4
TTO,1981,42.4
TTO,1982,42.4
TTO,1983,42.4
TTO,1984,42.4
TTO,1985,42.4
TTO,1986,42.4
TTO,1987,42.4
TTO,1988,42.3
TTO,1989,42.4
TTO,1990,42.4
TTO,1991,42.5
TTO,1992,42.5
TTO,1993,42.6
TTO,1994,42.6
TTO,1995,42.7
TTO,1996,42.8
TTO,1997,42.8
TTO,1998,42.9
TTO,1999,42.9
TTO,2000,43
TTO,2001,43.1
TTO,2002,43.1
TTO,2003,43.2
TTO,2004,43.3
TTO,2005,43.3
TUN,1985,42
TUN,1986,41.9
TUN,1987,41.9
TUN,1988,41.8
TUN,1989,41.7
TUN,1990,41.7
TUN,1991,41.6
TUN,1992,41.6
TUN,1993,41.5
TUN,1994,41.5
TUN,1995,41.5
TUN,1996,41.4
TUN,1997,41.3
TUN,1998,41.2
TUN,1999,41.1
TUN,2000,41.1
TUN,2001,40.9
TUN,2002,40.8
TUN,2003,40.7
TUN,2004,40.6
TUN,2005,40.5
TUN,2006,40.2
TUN,2007,40
TUN,2008,39.8
TUN,2009,39.5
TUN,2010,39.3
TUN,2011,39
TUN,2012,38.6
TUN,2013,38.4
TUN,2014,38.1
TUN,2015,37.9
TUN,2016,37.8
TUN,2017,37.7
TUN,2018,37.7
TUN,2019,37.6
TUN,2020,37.5
TUN,2021,37.4
TUR,1987,40.6
TUR,1988,40.9
TUR,1989,41.1
TUR,1990,41.3
TUR,1991,41.5
TUR,1992,41.7
TUR,1993,41.9
TUR,1994,42.1
TUR,1995,42
TUR,1996,41.8
TUR,1997,41.6
TUR,1998,41.5
TUR,1999,41.3
TUR,2000,41.1
TUR,2001,41
TUR,2002,40.8
TUR,2003,40.8
TUR,2004,40.6
TUR,2005,40.4
TUR,2006,40
TUR,2007,39.6
TUR,2008,39.3
TUR,2009,39.2
TUR,2010,39
TUR,2011,38.8
TUR,2012,38.7
TUR,2013,38.8
TUR,2014,38.9
TUR,2015,39.3
TUR,2016,39.6
TUR,2017,39.9
TUR,2018,40
TUR,2019,40.1
TUR,2020,40.3
TUR,2021,40.5
TUR,2022,40.7
TUR,2023,40.6
TUR,2024,40.5
TUR,2025,40.4
TKM,1988,28.7
TKM,1989,29
TKM,1990,29.6
TKM,1991,30.4
TKM,1992,31.1
TKM,1993,31.8
TKM,1994,32.3
TKM,1995,32.8
TKM,1996,33.3
TKM,1997,33.7
TKM,1998,34.2
TKM,1999,34.4
TKM,2000,34.6
TKM,2001,34.8
TKM,2002,35
TKM,2003,35.2
TKM,2004,35.4
TKM,2005,35.6
TCA,1999,40.2
TUV,1994,41.2
TUV,1995,41.1
TUV,1996,41.1
TUV,1997,41
TUV,1998,40.9
TUV,1999,40.9
TUV,2000,40.8
TUV,2001,40.8
TUV,2002,40.7
TUV,2003,40.6
TUV,2004,40.6
TUV,2005,40.6
TUV,2006,40.5
TUV,2007,40.5
TUV,2008,40.6
TUV,2009,40.6
TUV,2010,40.6
UGA,1989,42.7
UGA,1990,42.7
UGA,1991,42.7
UGA,1992,42.7
UGA,1993,42.7
UGA,1994,42.7
UGA,1995,42.8
UGA,1996,42.9
UGA,1997,43
UGA,1998,43.1
UGA,1999,43.4
UGA,2000,43.7
UGA,2001,44
UGA,2002,44.3
UGA,2003,44.4
UGA,2004,44.4
UGA,2005,44.5
UGA,2006,44.5
UGA,2007,44.4
UGA,2008,44.5
UGA,2009,44.4
UGA,2010,44.2
UGA,2011,44.1
UGA,2012,43.9
UGA,2013,43.8
UGA,2014,43.8
UGA,2015,43.8
UGA,2016,43.8
UGA,2017,43.8
UGA,2018,43.8
UGA,2019,43.9
UKR,1980,28.4
UKR,1981,28
UKR,1982,27.5
UKR,1983,27.1
UKR,1984,26.7
UKR,1985,26.2
UKR,1986,25.5
UKR,1987,24.7
UKR,1988,23.9
UKR,1989,23.8
UKR,1990,24
UKR,1991,24.7
UKR,1992,26.4
UKR,1993,28.3
UKR,1994,30.1
UKR,1995,31.9
UKR,1996,31.9
UKR,1997,31.3
UKR,1998,30.7
UKR,1999,30.3
UKR,2000,30.5
UKR,2001,30.3
UKR,2002,29.8
UKR,2003,29.5
UKR,2004,29.3
UKR,2005,29.1
UKR,2006,28.7
UKR,2007,28.1
UKR,2008,27.4
UKR,2009,26.9
UKR,2010,26.7
UKR,2011,26.5
UKR,2012,26.4
UKR,2013,26.3
UKR,2014,26.4
UKR,2015,26.6
UKR,2016,26.7
UKR,2017,26.9
UKR,2018,27
UKR,2019,27.1
UKR,2020,27.1
ARE,2008,32.2
ARE,2009,31.9
ARE,2010,31.6
ARE,2011,31.3
ARE,2012,31
ARE,2013,30.7
ARE,2014,30.4
ARE,2015,30.2
ARE,2016,30
ARE,2017,29.7
ARE,2018,29.5
GBR,1961,26.1
GBR,1962,25.8
GBR,1963,25.9
GBR,1964,25.8
GBR,1965,25.5
GBR,1966,25.4
GBR,1967,25.2
GBR,1968,25
GBR,1969,25.2
GBR,1970,25.5
GBR,1971,25.9
GBR,1972,25.8
GBR,1973,25.9
GBR,1974,25.7
GBR,1975,25.1
GBR,1976,24.9
GBR,1977,24.7
GBR,1978,25.1
GBR,1979,25.4
GBR,1980,26.1
GBR,1981,26.7
GBR,1982,27.1
GBR,1983,27.3
GBR,1984,27.6
GBR,1985,28.6
GBR,1986,29.7
GBR,1987,30.8
GBR,1988,31.5
GBR,1989,31.8
GBR,1990,32.5
GBR,1991,32.7
GBR,1992,32.7
GBR,1993,33.1
GBR,1994,33.7
GBR,1995,33.7
GBR,1996,33.6
GBR,1997,33.9
GBR,1998,34.4
GBR,1999,34.7
GBR,2000,35
GBR,2001,34.6
GBR,2002,33.7
GBR,2003,33.1
GBR,2004,32.9
GBR,2005,33.3
GBR,2006,33.4
GBR,2007,32.9
GBR,2008,32.9
GBR,2009,32.6
GBR,2010,32
GBR,2011,31.4
GBR,2012,31.1
GBR,2013,30.7
GBR,2014,31.1
GBR,2015,31.3
GBR,2016,31.2
GBR,2017,31.2
GBR,2018,31.4
GBR,2019,31.1
GBR,2020,30.9
GBR,2021,31.1
GBR,2022,32.2
GBR,2023,31.9
GBR,2024,31.6
USA,1960,32.9
USA,1961,32.9
USA,1962,32.9
USA,1963,33
USA,1964,33.3
USA,1965,33.1
USA,1966,32.8
USA,1967,32.5
USA,1968,31.9
USA,1969,31.7
USA,1970,32.4
USA,1971,32.8
USA,1972,32.7
USA,1973,32.3
USA,1974,31.9
USA,1975,31.9
USA,1976,31.8
USA,1977,31.6
USA,1978,31.1
USA,1979,31.3
USA,1980,31.1
USA,1981,31.7
USA,1982,32.9
USA,1983,33.6
USA,1984,33.8
USA,1985,34.1
USA,1986,34.2
USA,1987,34
USA,1988,34.4
USA,1989,34.7
USA,1990,34.6
USA,1991,34.6
USA,1992,35.2
USA,1993,36.6
USA,1994,36.8
USA,1995,36.7
USA,1996,36.8
USA,1997,37
USA,1998,36.8
USA,1999,36.8
USA,2000,37
USA,2001,37.4
USA,2002,37.4
USA,2003,37.8
USA,2004,37.9
USA,2005,38.5
USA,2006,38.8
USA,2007,38.4
USA,2008,38.2
USA,2009,37.8
USA,2010,37.4
USA,2011,38.1
USA,2012,38.3
USA,2013,38.2
USA,2014,38.6
USA,2015,38.4
USA,2016,38.5
USA,2017,38.6
USA,2018,39
USA,2019,39
USA,2020,37.8
USA,2021,37.5
USA,2022,39
USA,2023,39.2
USA,2024,39.4
URY,1981,40.3
URY,1982,40.3
URY,1983,40.3
URY,1984,40.3
URY,1985,40.2
URY,1986,40.2
URY,1987,40.3
URY,1988,40.4
URY,1989,40.4
URY,1990,40.5
URY,1991,40
URY,1992,39.5
URY,1993,39.3
URY,1994,39.1
URY,1995,38.9
URY,1996,38.8
URY,1997,39.4
URY,1998,40.1
URY,1999,40.6
URY,2000,41
URY,2001,42.4
URY,2002,43
URY,2003,42.9
URY,2004,43.1
URY,2005,42.8
URY,2006,43
URY,2007,42.9
URY,2008,42.6
URY,2009,41.8
URY,2010,40.5
URY,2011,38.4
URY,2012,36.4
URY,2013,37.2
URY,2014,36.8
URY,2015,36.9
URY,2016,36.6
URY,2017,36.6
URY,2018,36.7
URY,2019,36.8
URY,2020,37.3
URY,2021,37.8
URY,2022,38.2
URY,2023,38.5
URY,2024,38.4
UZB,1988,29.9
UZB,1989,30
UZB,1990,30.4
UZB,1991,30.9
UZB,1992,31.4
UZB,1993,32
UZB,1994,32.5
UZB,1995,33
UZB,1996,33.5
UZB,1997,34.1
UZB,1998,34.6
UZB,1999,34.3
UZB,2000,34
UZB,2001,33.7
UZB,2002,33.4
UZB,2003,33.4
UZB,2004,33.3
UZB,2005,33.1
UZB,2006,33
UZB,2007,32.8
UZB,2008,32.7
UZB,2009,32.6
UZB,2010,32.4
UZB,2011,32.3
UZB,2012,32.2
UZB,2013,32
UZB,2014,31.9
UZB,2015,31.8
UZB,2016,31.6
UZB,2017,31.5
UZB,2018,31.4
UZB,2019,31.3
UZB,2020,31.2
UZB,2021,31
UZB,2022,31
UZB,2023,31.1
UZB,2024,31.1
UZB,2025,31
VUT,2006,39.5
VUT,2007,39.2
VUT,2008,38.9
VUT,2009,38.6
VUT,2010,38.3
VUT,2011,38.2
VUT,2012,38.1
VUT,2013,38
VUT,2014,37.8
VUT,2015,37.7
VUT,2016,37.6
VUT,2017,37.5
VUT,2018,37.4
VUT,2019,37.2
VEN,1962,42.3
VEN,1963,42.3
VEN,1964,42.4
VEN,1965,42.4
VEN,1966,42.5
VEN,1967,42.5
VEN,1968,42.6
VEN,1969,42.7
VEN,1970,42.7
VEN,1971,42.6
VEN,1972,42.4
VEN,1973,42.1
VEN,1974,41.8
VEN,1975,41.6
VEN,1976,41.4
VEN,1977,41
VEN,1978,40.8
VEN,1979,40.5
VEN,1980,40.4
VEN,1981,40.2
VEN,1982,40.1
VEN,1983,40.1
VEN,1984,40.3
VEN,1985,40.4
VEN,1986,40.5
VEN,1987,40.5
VEN,1988,40.4
VEN,1989,40.2
VEN,1990,40.4
VEN,1991,40.5
VEN,1992,40.6
VEN,1993,41.3
VEN,1994,41.9
VEN,1995,42.4
VEN,1996,42.8
VEN,1997,43.1
VEN,1998,43.2
VEN,1999,43.2
VEN,2000,42.9
VEN,2001,42.8
VEN,2002,42.8
VEN,2003,42.4
VEN,2004,42
VEN,2005,41.7
VEN,2006,40.5
VEN,2007,39.5
VEN,2008,38.6
VEN,2009,37.9
VEN,2010,37.3
VEN,2011,37
VEN,2012,36.9
VEN,2013,36.7
VEN,2014,36.4
VEN,2015,36.3
VEN,2016,36.2
VEN,2017,36.1
VEN,2018,36.1
VEN,2019,36
VEN,2020,36
VEN,2021,36.1
VNM,1992,35.9
VNM,1993,35.9
VNM,1994,35.9
VNM,1995,36
VNM,1996,36.1
VNM,1997,36.2
VNM,1998,36.2
VNM,1999,36.3
VNM,2000,36.5
VNM,2001,36.7
VNM,2002,36.9
VNM,2003,37
VNM,2004,37.2
VNM,2005,37.3
VNM,2006,37.6
VNM,2007,38
VNM,2008,38
VNM,2009,38.1
VNM,2010,37.7
VNM,2011,37
VNM,2012,36.5
VNM,2013,36
VNM,2014,36.1
VNM,2015,36.1
VNM,2016,36.1
VNM,2017,36
VNM,2018,35.9
VNM,2019,35.7
VNM,2020,35.4
VNM,2021,35.1
VNM,2022,34.9
VNM,2023,34.8
YEM,1992,36.9
YEM,1993,36.8
YEM,1994,36.7
YEM,1995,36.6
YEM,1996,36.5
YEM,1997,36.4
YEM,1998,36.3
YEM,1999,36.4
YEM,2000,36.5
YEM,2001,36.5
YEM,2002,36.6
YEM,2003,36.7
YEM,2004,36.8
YEM,2005,36.9
YEM,2006,37
YEM,2007,37
YEM,2008,37
YEM,2009,37
YEM,2010,37.1
YEM,2011,37.1
YEM,2012,37.2
YEM,2013,37.2
YEM,2014,37.2
YUG,1973,30.8
YUG,1974,31
YUG,1975,31.1
YUG,1976,31.2
YUG,1977,31.4
YUG,1978,31.5
YUG,1979,31.8
YUG,1980,32.2
YUG,1981,32.5
YUG,1982,32.9
YUG,1983,33.2
YUG,1984,33.5
YUG,1985,33.9
YUG,1986,34.2
YUG,1987,34.5
YUG,1988,34.8
YUG,1989,35.1
YUG,1990,35.5
ZMB,1976,51.7
ZMB,1977,51.8
ZMB,1978,52
ZMB,1979,52.1
ZMB,1980,52.2
ZMB,1981,52.4
ZMB,1982,52.5
ZMB,1983,52.6
ZMB,1984,52.7
ZMB,1985,52.8
ZMB,1986,53
ZMB,1987,53.1
ZMB,1988,53.2
ZMB,1989,53.3
ZMB,1990,53.4
ZMB,1991,53.6
ZMB,1992,53.5
ZMB,1993,53.5
ZMB,1994,53.4
ZMB,1995,53.4
ZMB,1996,53.3
ZMB,1997,53.4
ZMB,1998,53.4
ZMB,1999,53.4
ZMB,2000,53.5
ZMB,2001,53.6
ZMB,2002,53.6
ZMB,2003,54
ZMB,2004,54.3
ZMB,2005,54.5
ZMB,2006,54.8
ZMB,2007,54.9
ZMB,2008,55
ZMB,2009,55.1
ZMB,2010,55.2
ZMB,2011,55.2
ZMB,2012,55.2
ZMB,2013,55.2
ZMB,2014,55.2
ZMB,2015,55.3
ZMB,2016,55.2
ZMB,2017,55.2
ZMB,2018,55.2
ZMB,2019,55.1
ZMB,2020,55.1
ZMB,2021,55
ZMB,2022,55
ZWE,1995,48.4
ZWE,1996,48.3
ZWE,1997,48.3
ZWE,1998,48.2
ZWE,1999,48.2
ZWE,2000,48.2
ZWE,2001,48.2
ZWE,2002,48.1
ZWE,2003,48
ZWE,2004,47.9
ZWE,2005,47.8
ZWE,2006,47.7
ZWE,2007,47.6
ZWE,2008,47.5
ZWE,2009,47.4
ZWE,2010,47.3
ZWE,2011,47.2
ZWE,2012,47.3
ZWE,2013,47.3
ZWE,2014,47.4
ZWE,2015,47.4
ZWE,2016,47.5
ZWE,2017,47.5
ZWE,2018,47.6
ZWE,2019,47.7
