component,event_time,att,se,ci_lower,ci_upper,ci_crosses_zero
fraser_SizeGov,-24,1.064132542929394,0.593983764084185,-0.10007563467560865,2.228340720534397,TRUE
fraser_SizeGov,-23,1.959450002702026,0.8848834605853642,0.22507841995471245,3.6938215854493395,FALSE
fraser_SizeGov,-22,0.7028212381539823,0.4825140059625502,-0.242906213532616,1.6485486898405806,TRUE
fraser_SizeGov,-21,0.14857256602290636,1.381970169529007,-2.560088966253947,2.85723409829976,TRUE
fraser_SizeGov,-20,2.0250793724510316,0.5173448036492057,1.0110835572985886,3.0390751876034745,FALSE
fraser_SizeGov,-19,-7.399342131507724,4.060109016084426,-15.357155803033198,0.5584715400177513,TRUE
fraser_SizeGov,-18,7.158678420162174,3.7081942554764127,-0.10938232057159514,14.426739160895941,TRUE
fraser_SizeGov,-17,-2.3303884257658694,1.8712989796522852,-5.9981344258843485,1.3373575743526094,TRUE
fraser_SizeGov,-16,0.27053976167720606,1.4874466810738094,-2.6448557332274603,3.1859352565818724,TRUE
fraser_SizeGov,-15,-1.0320325706050948,1.4926857915157201,-3.957696721975906,1.8936315807657165,TRUE
fraser_SizeGov,-14,-0.2195002478419442,2.0919953806166913,-4.31981119385066,3.880810698166771,TRUE
fraser_SizeGov,-13,0.684240197007203,2.4759309662813123,-4.1685844969041685,5.537064890918575,TRUE
fraser_SizeGov,-12,-0.5258919153044014,1.028073207428985,-2.540915401865212,1.4891315712564093,TRUE
fraser_SizeGov,-11,1.4258199549266481,0.9346855359890458,-0.4061636956118815,3.2578036054651776,TRUE
fraser_SizeGov,-10,-1.1189458619852595,0.719298426371875,-2.5287707776741346,0.29087905370361544,TRUE
fraser_SizeGov,-9,-0.900006626615317,0.909682608897074,-2.682984540053582,0.882971286822948,TRUE
fraser_SizeGov,-8,1.3271586199915484,0.8096891261921322,-0.2598320673450307,2.9141493073281275,TRUE
fraser_SizeGov,-7,-1.1977231141372433,0.7014008372625445,-2.5724687551718306,0.177022526897344,TRUE
fraser_SizeGov,-6,1.2951222003464276,1.3805791613910734,-1.4108129559800764,4.0010573566729315,TRUE
fraser_SizeGov,-5,0.3450442344780366,1.9409410478485627,-3.459200219305146,4.149288688261219,TRUE
fraser_SizeGov,-4,-0.30379046862837406,1.24154036749906,-2.7372095889265315,2.1296286516697833,TRUE
fraser_SizeGov,-3,-0.9191152934276098,0.9381150006528804,-2.7578206947072554,0.9195901078520358,TRUE
fraser_SizeGov,-2,1.3280675927393573,2.0827536940095297,-2.7541296475193207,5.410264832998035,TRUE
fraser_SizeGov,-1,-1.2649347734415042,0.9789577260272979,-3.1836919164550084,0.6538223695719998,TRUE
fraser_SizeGov,0,-1.1793610828457897,1.3687165078881594,-3.8620454383065823,1.5033232726150028,TRUE
fraser_SizeGov,1,0.8154307264272593,1.2208788707093035,-1.5774918601629753,3.208353313017494,TRUE
fraser_SizeGov,2,0.8396783030810548,0.7372501154479374,-0.6053319231969023,2.284688529359012,TRUE
fraser_SizeGov,3,0.7076298189525936,0.9074463407185326,-1.0709650088557303,2.4862246467609177,TRUE
fraser_SizeGov,4,0.33918151915921324,0.9034466927688977,-1.431573998667826,2.1099370369862527,TRUE
fraser_SizeGov,5,0.29543907251998286,0.8389954242934696,-1.3489919590952175,1.9398701041351833,TRUE
fraser_SizeGov,6,1.5919120738322374,0.7605179033413232,0.10129698328324399,3.082527164381231,FALSE
fraser_SizeGov,7,1.0575603713731614,0.9012175595647932,-0.7088260453738333,2.823946788120156,TRUE
fraser_SizeGov,8,0.7894039226161683,0.7453022034965474,-0.6713883962370645,2.2501962414694012,TRUE
fraser_SizeGov,9,0.49411035078180376,0.8652070095127297,-1.2016953878631464,2.1899160894267538,TRUE
fraser_SizeGov,10,0.0486951630564195,1.1260744680219374,-2.158410794266578,2.2558011203794166,TRUE
fraser_SizeGov,11,0.13838813999421787,0.8350020046416053,-1.4982157891033285,1.7749920690917644,TRUE
fraser_SizeGov,12,-0.18074825634282185,0.7753240672570159,-1.7003834281665728,1.3388869154809293,TRUE
fraser_SizeGov,13,-0.13033189063164688,0.8859928399799405,-1.86687785699233,1.6062140757290364,TRUE
fraser_SizeGov,14,0.7645585672441555,1.0536605483898176,-1.3006161075998868,2.8297332420881975,TRUE
fraser_SizeGov,15,2.5114815479928523,1.4707533084560829,-0.37119493658107006,5.394158032566775,TRUE
fraser_SizeGov,16,0.4080582249995468,0.844699692140863,-1.2475531715965447,2.063669621595638,TRUE
fraser_SizeGov,17,1.4262288428635372,1.5994641942889911,-1.7087209779428854,4.56117866366996,TRUE
fraser_SizeGov,18,-1.4908605554102432,1.4962460290118103,-4.423502772273391,1.4417816614529047,TRUE
fraser_SizeGov,19,-0.36274483109566746,1.534306309800671,-3.369985198304983,2.6444955361136477,TRUE
fraser_SizeGov,20,-0.42246653318066507,1.226266322375065,-2.825948525035792,1.9810154586744622,TRUE
fraser_SizeGov,21,1.1986789004757323,0.8128170566304942,-0.3944425305200363,2.791800331471501,TRUE
fraser_LegalSystem,-22,-1.078770117553151,0.9672991034168731,-2.974676360250222,0.8171361251439202,TRUE
fraser_LegalSystem,-21,2.932395805498018,2.034044828519887,-1.0543320584009606,6.919123669396997,TRUE
fraser_LegalSystem,-20,-3.3375804465913923,2.383752381286617,-8.009735113913163,1.334574220730377,TRUE
fraser_LegalSystem,-19,3.0769265605652985,0.5370688284011215,2.0242716568991,4.129581464231497,FALSE
fraser_LegalSystem,-18,-2.173794397186147,3.149594747558127,-8.347000102400076,3.9994113080277813,TRUE
fraser_LegalSystem,-17,2.227769714731491,3.177845194457117,-4.000806866404458,8.45634629586744,TRUE
fraser_LegalSystem,-16,4.032599590617346,1.537746864819786,1.0186157355705658,7.046583445664127,FALSE
fraser_LegalSystem,-15,-0.6395174281369098,1.089901779931145,-2.7757249168019538,1.4966900605281344,TRUE
fraser_LegalSystem,-14,0.08842900365239596,1.2101972206065323,-2.2835575487364075,2.460415556041199,TRUE
fraser_LegalSystem,-13,-0.7341554161462311,2.11671459112019,-4.882916014741804,3.4146051824493413,TRUE
fraser_LegalSystem,-12,3.5030914040327175,5.692529134204878,-7.6542656990088425,14.660448507074278,TRUE
fraser_LegalSystem,-11,-4.192050578927066,2.5454349811990142,-9.181103142077134,0.7970019842230016,TRUE
fraser_LegalSystem,-10,-0.3702777034343196,1.031222527486341,-2.3914738573075476,1.6509184504389085,TRUE
fraser_LegalSystem,-9,-0.8023557014897637,0.9080425487341588,-2.582119097008715,0.9774076940291875,TRUE
fraser_LegalSystem,-8,-0.13836155843840442,0.8236335834493871,-1.752683381999203,1.4759602651223942,TRUE
fraser_LegalSystem,-7,1.481839337102046,1.4853823637322305,-1.4295100958131257,4.393188770017217,TRUE
fraser_LegalSystem,-6,-1.4669634300217198,0.8487308106857214,-3.130475818965734,0.19654895892229418,TRUE
fraser_LegalSystem,-5,0.6047479861411895,0.659578664290298,-0.6880261958677945,1.8975221681501735,TRUE
fraser_LegalSystem,-4,-0.5711313368953453,0.48196516755039087,-1.5157830652941113,0.37352039150342076,TRUE
fraser_LegalSystem,-3,0.2278701926524997,0.4229588736797753,-0.6011291997598598,1.0568695850648593,TRUE
fraser_LegalSystem,-2,-0.12094583462583315,0.4311210592717938,-0.965943110798549,0.7240514415468826,TRUE
fraser_LegalSystem,-1,-0.14081032572025187,0.5568054173945854,-1.2321489438136393,0.9505282923731356,TRUE
fraser_LegalSystem,0,-0.3096858978135088,0.5384795082318079,-1.3651057339478523,0.7457339383208346,TRUE
fraser_LegalSystem,1,0.4107441768399777,0.594013875851915,-0.7535230198297755,1.575011373509731,TRUE
fraser_LegalSystem,2,0.6930929668806067,0.6999137008116234,-0.6787378867101752,2.064923820471389,TRUE
fraser_LegalSystem,3,0.9473055381186551,0.6442351643382846,-0.3153953839843827,2.210006460221693,TRUE
fraser_LegalSystem,4,-0.1025423954182454,0.8282275426147823,-1.7258683789432185,1.5207835881067278,TRUE
fraser_LegalSystem,5,0.0900619218273695,0.8271125520028655,-1.5310786800982468,1.7112025237529858,TRUE
fraser_LegalSystem,6,-0.29754544017008405,0.810929354468628,-1.8869669749285949,1.2918760945884267,TRUE
fraser_LegalSystem,7,-0.1250120859108678,0.7173464756532445,-1.531011178191227,1.2809870063694913,TRUE
fraser_LegalSystem,8,0.6988346884132863,0.8567855771665954,-0.9804650428332407,2.3781344196598133,TRUE
fraser_LegalSystem,9,0.21805936406829082,1.0086989087733655,-1.7589904971275057,2.1951092252640874,TRUE
fraser_LegalSystem,10,-0.99574419048811,1.1352692761609282,-3.220871971763529,1.2293835907873092,TRUE
fraser_LegalSystem,11,0.19701724513250832,1.1657380909517387,-2.0878294131328996,2.481863903397916,TRUE
fraser_LegalSystem,12,-0.3439651582850057,1.0022095718056925,-2.3082959190241628,1.6203656024541515,TRUE
fraser_LegalSystem,13,-0.19940392378930985,0.7783044644326459,-1.724880674077296,1.326072826498676,TRUE
fraser_LegalSystem,14,-0.11308820277381876,1.0105560927932464,-2.093778144648582,1.8676017391009443,TRUE
fraser_LegalSystem,15,-0.14166956089803673,1.000249115380466,-2.10215782704375,1.8188187052476765,TRUE
fraser_LegalSystem,16,1.1098362016590966,1.2405142562990712,-1.3215717406870828,3.541244144005276,TRUE
fraser_LegalSystem,17,1.0289630889272094,1.2441908466521265,-1.4096509705109586,3.4675771483653772,TRUE
fraser_LegalSystem,18,0.18725091777140812,1.9194977863101883,-3.574964743396561,3.9494665789393775,TRUE
fraser_LegalSystem,19,-2.2912655171626866,2.4248268781567464,-7.04392619834991,2.461395164024536,TRUE
fraser_LegalSystem,20,3.0460529105975103,2.156317071867382,-1.180328550262558,7.272434371457578,TRUE
fraser_LegalSystem,21,-1.8561725297683296,2.529467655999437,-6.813929135527226,3.1015840759905666,TRUE
fraser_SoundMoney,-23,-1.7601694383963051,0.7301023728857875,-3.1911700892524486,-0.32916878754016166,FALSE
fraser_SoundMoney,-22,0.6418031716372825,0.30905579707753544,0.036053809365313105,1.247552533909252,FALSE
fraser_SoundMoney,-21,0.14519894163916142,0.9847354901915272,-1.7848826191362317,2.0752805024145546,TRUE
fraser_SoundMoney,-20,-0.1416995550190217,1.2053984891423655,-2.5042805937380583,2.2208814837000146,TRUE
fraser_SoundMoney,-19,1.2935640286960894,1.1537765008457883,-0.9678379129616554,3.5549659703538343,TRUE
fraser_SoundMoney,-18,-1.1276204472990887,1.1296778021620897,-3.3417889395367846,1.0865480449386071,TRUE
fraser_SoundMoney,-17,-0.32845369621108966,0.7935771976262822,-1.8838650035586029,1.2269576111364233,TRUE
fraser_SoundMoney,-16,3.425380524444288,5.111261805634025,-6.592692614598402,13.443453663486977,TRUE
fraser_SoundMoney,-15,-4.150142151965017,4.335780730237345,-12.648272383230212,4.347988079300178,TRUE
fraser_SoundMoney,-14,1.0180135521415952,1.0566642352007254,-1.0530483488518267,3.089075453135017,TRUE
fraser_SoundMoney,-13,-0.15140346054737028,0.9295083917598723,-1.9732399083967198,1.6704329873019794,TRUE
fraser_SoundMoney,-12,0.2897095372908784,1.2067607125428939,-2.0755414592931936,2.65496053387495,TRUE
fraser_SoundMoney,-11,-0.07432104055415684,0.6070830146164728,-1.2642037492024436,1.11556166809413,TRUE
fraser_SoundMoney,-10,-0.9125853521253199,1.559946710229683,-3.9700809041754983,2.1449101999248583,TRUE
fraser_SoundMoney,-9,0.7816200913836764,1.3514173239530596,-1.8671578635643202,3.430398046331673,TRUE
fraser_SoundMoney,-8,0.26305844120117455,0.5006126811155431,-0.7181424137852899,1.244259296187639,TRUE
fraser_SoundMoney,-7,0.3772133811622676,0.6759147236323011,-0.9475794771570425,1.7020062394815776,TRUE
fraser_SoundMoney,-6,-0.7331451175216871,0.7034387030906029,-2.111884975579269,0.6455947405358945,TRUE
fraser_SoundMoney,-5,1.0379216632101498,0.703850236551128,-0.34162480043006105,2.417468126850361,TRUE
fraser_SoundMoney,-4,-0.20240467615408436,0.6361110217491744,-1.4491822787824662,1.0443729264742976,TRUE
fraser_SoundMoney,-3,-1.5641427309619331,0.9388245905740874,-3.4042389284871444,0.2759534665632781,TRUE
fraser_SoundMoney,-2,1.081005241914421,1.4311986663903844,-1.7241441442107324,3.8861546280395745,TRUE
fraser_SoundMoney,-1,0.41467693195808464,1.4711635661395626,-2.468803657675458,3.298157521591627,TRUE
fraser_SoundMoney,0,0.5069555915021439,0.703546471860687,-0.8719954933448025,1.8859066763490904,TRUE
fraser_SoundMoney,1,0.4920578702214068,0.6063810251908374,-0.6964489391526344,1.6805646795954479,TRUE
fraser_SoundMoney,2,1.202243868357846,0.8249051364879479,-0.414570199158532,2.8190579358742243,TRUE
fraser_SoundMoney,3,1.4385826108073618,0.7052056228909832,0.05637958994103487,2.820785631673689,FALSE
fraser_SoundMoney,4,1.2102707934561174,0.6572033141501981,-0.07784770227827065,2.4983892891905057,TRUE
fraser_SoundMoney,5,0.6153252607870779,0.7534130134880294,-0.8613642456494596,2.0920147672236156,TRUE
fraser_SoundMoney,6,0.7824446540628427,0.822733192814853,-0.8301124038542691,2.3950017119799547,TRUE
fraser_SoundMoney,7,0.304469199825382,0.7261847959082685,-1.1188530001548243,1.727791399805588,TRUE
fraser_SoundMoney,8,-1.4007693365422427,1.2368078990977314,-3.8249128187737957,1.0233741456893106,TRUE
fraser_SoundMoney,9,0.9524706810685146,1.2108389397918877,-1.4207736409235852,3.3257150030606146,TRUE
fraser_SoundMoney,10,-0.5077934449089315,1.0190880436748966,-2.5052060105117286,1.4896191206938658,TRUE
fraser_SoundMoney,11,-1.2644632712437873,1.0285699624670313,-3.2804603976791684,0.751533855191594,TRUE
fraser_SoundMoney,12,-1.5001525550783683,1.0634588355964316,-3.584531872847374,0.5842267626906377,TRUE
fraser_SoundMoney,13,-0.57381678720016,1.066799323467777,-2.664743461197003,1.5171098867966828,TRUE
fraser_SoundMoney,14,0.2807274009417493,1.29331296112261,-2.2541660028585664,2.815620804742065,TRUE
fraser_SoundMoney,15,-1.1474354143544458,1.0084986937009464,-3.1240928540083006,0.8292220252994089,TRUE
fraser_SoundMoney,16,-0.052719708297994466,1.2479575419654398,-2.498716490550257,2.3932770739542675,TRUE
fraser_SoundMoney,17,-0.9190363499124112,1.4590992163062284,-3.778870813872619,1.9407981140477966,TRUE
fraser_SoundMoney,18,-0.08813204137675296,1.2583822298997513,-2.5545612119802654,2.3782971292267594,TRUE
fraser_SoundMoney,19,1.127828107511815,1.5273342220421813,-1.86574696769086,4.12140318271449,TRUE
fraser_SoundMoney,20,-0.6343911478607982,1.8153007529937606,-4.192380623728569,2.9235983280069724,TRUE
fraser_SoundMoney,21,-0.44169256448700767,2.612979341521376,-5.563132073868904,4.679746944894888,TRUE
fraser_FreeTrade,-25,-0.29245019286700885,1.387834035506448,-3.0126049024596466,2.4277045167256293,TRUE
fraser_FreeTrade,-24,-0.3292162112762446,1.161804169711155,-2.6063523839101084,1.947919961357619,TRUE
fraser_FreeTrade,-23,1.808391397020799,0.9474155424428029,-0.048543066167094695,3.665325860208693,TRUE
fraser_FreeTrade,-22,1.017713104852371,2.2177086176768297,-3.3289957857942154,5.364421995498957,TRUE
fraser_FreeTrade,-21,-1.655178970029824,1.3977309512671934,-4.394731634513523,1.0843736944538749,TRUE
fraser_FreeTrade,-20,0.36368846086535533,1.0882746528668175,-1.7693298587536068,2.4967067804843177,TRUE
fraser_FreeTrade,-19,0.24083053138645302,0.8496352743293513,-1.4244546062990755,1.9061156690719814,TRUE
fraser_FreeTrade,-18,0.16704304335275433,0.9763050954597341,-1.7465149437483245,2.080601030453833,TRUE
fraser_FreeTrade,-17,-0.8166225340219572,0.6520135393763353,-2.0945690711995746,0.46132400315566013,TRUE
fraser_FreeTrade,-16,-0.00544014561165701,0.6734077869252751,-1.3253194079851964,1.3144391167618823,TRUE
fraser_FreeTrade,-15,0.7389688616041928,0.5027256729399168,-0.24637345735804406,1.7243111805664297,TRUE
fraser_FreeTrade,-14,-0.5579905768790764,0.4547400502565598,-1.4492810753819336,0.33329992162378075,TRUE
fraser_FreeTrade,-13,0.6836776668927865,0.6177151734556647,-0.5270440730803164,1.8943994068658894,TRUE
fraser_FreeTrade,-12,0.06102373825102439,0.5576894075083313,-1.032047500465305,1.1540949769673536,TRUE
fraser_FreeTrade,-11,-0.10253471526562767,0.5112606214961819,-1.1046055333981442,0.8995361028668888,TRUE
fraser_FreeTrade,-10,-0.3309531140860166,0.44423171687748414,-1.2016472791658854,0.5397410509938523,TRUE
fraser_FreeTrade,-9,-1.3637180107686162,1.1584304818167939,-3.634241755129532,0.9068057335922997,TRUE
fraser_FreeTrade,-8,2.2177707473828834,2.148803342478717,-1.993883803875402,6.429425298641169,TRUE
fraser_FreeTrade,-7,-1.1204413316734698,1.4053090976757734,-3.8748471631179857,1.6339644997710459,TRUE
fraser_FreeTrade,-6,0.21688890864244198,0.4344044949423999,-0.6345439014446619,1.0683217187295457,TRUE
fraser_FreeTrade,-5,-0.15211500785439402,0.4975865265732374,-1.1273845999379393,0.8231545842291512,TRUE
fraser_FreeTrade,-4,0.41059824243247206,0.4311469892730665,-0.4344498565427382,1.2556463414076824,TRUE
fraser_FreeTrade,-3,0.1673420273759602,0.493903261037912,-0.8007083642583472,1.1353924190102678,TRUE
fraser_FreeTrade,-2,-0.6341474647197028,0.7772147563370454,-2.1574883871403117,0.8891934577009061,TRUE
fraser_FreeTrade,-1,0.5088511938040193,0.9936062077256456,-1.4386169733382461,2.4563193609462846,TRUE
fraser_FreeTrade,0,0.07156124707743682,0.8779709058337671,-1.6492617283567468,1.7923842225116202,TRUE
fraser_FreeTrade,1,2.3082614365198584,1.2659429629088024,-0.17298677078139413,4.789509643821111,TRUE
fraser_FreeTrade,2,1.2332607070794501,1.3913373696995988,-1.4937605375317635,3.9602819516906638,TRUE
fraser_FreeTrade,3,1.5899589932675444,1.3299095933173846,-1.016663809634529,4.1965817961696175,TRUE
fraser_FreeTrade,4,0.4282804194448844,1.602800953390352,-2.713209449200206,3.569770288089974,TRUE
fraser_FreeTrade,5,1.0653811821695867,1.5171268268438352,-1.90818739844433,4.038949762783504,TRUE
fraser_FreeTrade,6,1.0391670291648756,2.0336981343929175,-2.9468813142452426,5.025215372574994,TRUE
fraser_FreeTrade,7,0.8212850618252268,1.687398667167764,-2.486016325823591,4.128586449474044,TRUE
fraser_FreeTrade,8,0.05245362347453993,1.6835026013104604,-3.2472114750939625,3.352118722043042,TRUE
fraser_FreeTrade,9,-0.5032081875343938,1.356023443382059,-3.1610141365632294,2.154597761494442,TRUE
fraser_FreeTrade,10,0.8878559336039199,1.089145040275328,-1.2468683453357228,3.022580212543563,TRUE
fraser_FreeTrade,11,1.2121676904006413,1.441369352835772,-1.6129162411574718,4.037251621958754,TRUE
fraser_FreeTrade,12,0.4765478919970402,1.0856895504777808,-1.65140362693941,2.6044994109334905,TRUE
fraser_FreeTrade,13,0.8995534242862768,1.1848029186605114,-1.4226602962883255,3.221767144860879,TRUE
fraser_FreeTrade,14,1.086416974254687,1.2602171895697105,-1.3836087173019456,3.5564426658113195,TRUE
fraser_FreeTrade,15,0.29893158434232237,1.0074322584883209,-1.6756356422947865,2.273498810979431,TRUE
fraser_FreeTrade,16,0.2350616242172449,1.2047287122065755,-2.126206651707643,2.5963299001421327,TRUE
fraser_FreeTrade,17,1.01419196679155,1.67874083671166,-2.2761400731633037,4.304524006746404,TRUE
fraser_FreeTrade,18,-0.006423210499218679,2.0609234153409237,-4.045833104567429,4.032986683568992,TRUE
fraser_FreeTrade,19,-0.8545791254089001,2.0908499911909013,-4.9526451081430665,3.2434868573252658,TRUE
fraser_FreeTrade,20,-3.0124388182274084,5.6137669374809205,-14.015422015690012,7.990544379235194,TRUE
fraser_FreeTrade,21,-3.65982869210984,1.6691259115554933,-6.9313154787586075,-0.3883419054610733,FALSE
fraser_Regulation,-25,-4.031780415956484,1.1626365385206967,-6.310548031457049,-1.7530128004559185,FALSE
fraser_Regulation,-24,6.108945543236456,1.4181186888700306,3.329432913051196,8.888458173421716,FALSE
fraser_Regulation,-23,2.3707704683274042,0.5464117290436542,1.299803479401842,3.4417374572529664,FALSE
fraser_Regulation,-22,-3.3370825917184783,0.5683366131798158,-4.4510223535509175,-2.223142829886039,FALSE
fraser_Regulation,-21,-0.6180792546434863,0.8992705546923659,-2.3806495418405236,1.144491032553551,TRUE
fraser_Regulation,-20,0.34301089730908724,0.8440771964145337,-1.3113804076633988,1.9974022022815734,TRUE
fraser_Regulation,-19,1.1873013674464183,1.6205898347909358,-1.9890547087438155,4.363657443636653,TRUE
fraser_Regulation,-18,1.6787572861611733,2.219322595751001,-2.671115001510789,6.028629573833135,TRUE
fraser_Regulation,-17,-1.112298590825636,1.8088676540832271,-4.657679192828761,2.4330820111774893,TRUE
fraser_Regulation,-16,-0.3066028755656195,0.6166247178289701,-1.5151873225104007,0.9019815713791618,TRUE
fraser_Regulation,-15,-1.7188388166263586,1.4157089582397524,-4.493628374776273,1.0559507415235558,TRUE
fraser_Regulation,-14,-0.20060537540272078,1.5381550144920335,-3.2153892038071064,2.8141784530016647,TRUE
fraser_Regulation,-13,-0.9994004212313871,1.446410263396342,-3.8343645374882174,1.835563695025443,TRUE
fraser_Regulation,-12,2.1806400186459225,2.261718397131485,-2.252328039731788,6.613608077023633,TRUE
fraser_Regulation,-11,0.3271024432518398,1.1741422445323766,-1.9742163560316186,2.628421242535298,TRUE
fraser_Regulation,-10,0.12054275306220753,0.5903420957762525,-1.0365277546592473,1.2776132607836626,TRUE
fraser_Regulation,-9,-0.10761347700462902,0.7145858387309721,-1.5082017209173344,1.2929747669080762,TRUE
fraser_Regulation,-8,-0.46369648597303964,0.6911311060217252,-1.8183134537756211,0.8909204818295418,TRUE
fraser_Regulation,-7,0.8548178005858607,1.5511300699035016,-2.185397136425002,3.8950327375967237,TRUE
fraser_Regulation,-6,-0.24943538370440177,0.9016581796887121,-2.0166854158942775,1.5178146484854738,TRUE
fraser_Regulation,-5,0.040624465834790006,0.5439963625085221,-1.0256084046819132,1.1068573363514933,TRUE
fraser_Regulation,-4,-0.36659158471310155,0.57585828535631,-1.4952738240114691,0.7620906545852659,TRUE
fraser_Regulation,-3,0.6512993500465933,0.7015333456723888,-0.7237060074712887,2.026304707564475,TRUE
fraser_Regulation,-2,0.1782867093025097,0.7431958390460807,-1.2783771352278084,1.634950553832828,TRUE
fraser_Regulation,-1,-0.1892510985977683,0.5599139210931633,-1.2866823839403683,0.9081801867448317,TRUE
fraser_Regulation,0,0.8580666118114386,0.4774844957861619,-0.07780299992943873,1.793936223552316,TRUE
fraser_Regulation,1,1.0795194338415859,0.6634646008761322,-0.2208711838756332,2.379910051558805,TRUE
fraser_Regulation,2,0.16204829921009856,0.5772776407614987,-0.9694158766824389,1.2935124751026361,TRUE
fraser_Regulation,3,1.493612011725611,0.6808673248270726,0.15911205506454884,2.8281119683866733,FALSE
fraser_Regulation,4,1.2164018928193518,0.5769415276709219,0.08559649858434493,2.347207287054359,FALSE
fraser_Regulation,5,1.1783475701474784,0.6911273457123902,-0.17626202744880648,2.5329571677437634,TRUE
fraser_Regulation,6,1.5153070386696013,0.6727835041813613,0.19665137047413306,2.8339627068650692,FALSE
fraser_Regulation,7,0.9632690333428322,0.6641905433056245,-0.33854443153619185,2.2650824982218563,TRUE
fraser_Regulation,8,1.7571198635070053,0.796286210097585,0.19639889171573865,3.317840835298272,FALSE
fraser_Regulation,9,1.7071549039248266,0.7087339258834091,0.31803640919334475,3.0962733986563085,FALSE
fraser_Regulation,10,1.7786176962500961,0.9693093011337196,-0.12122853397199429,3.678463926472187,TRUE
fraser_Regulation,11,1.4299443945473542,0.9073384418142169,-0.3484389514085109,3.2083277405032193,TRUE
fraser_Regulation,12,1.1425686538885549,0.930641296164261,-0.6814882865933964,2.966625594370506,TRUE
fraser_Regulation,13,1.2172242545686727,1.5011528513799832,-1.7250353341360944,4.15948384327344,TRUE
fraser_Regulation,14,0.6117657024418459,1.0474363109853302,-1.4412094670894013,2.664740871973093,TRUE
fraser_Regulation,15,1.8129846223611075,1.2409944329253741,-0.6193644661726256,4.24533371089484,TRUE
fraser_Regulation,16,-0.5629722095772383,0.844707792119387,-2.2185994821312365,1.0926550629767602,TRUE
fraser_Regulation,17,1.035230677895658,0.9034823790862953,-0.7355947851134808,2.8060561409047966,TRUE
fraser_Regulation,18,0.9285939808305057,0.9568395152306683,-0.9468114690216043,2.803999430682616,TRUE
fraser_Regulation,19,1.6114022606533103,1.9730848856816647,-2.255844115282753,5.478648636589373,TRUE
fraser_Regulation,20,-3.834116878865352,3.9148392455050436,-11.507201800055238,3.8389680423245336,TRUE
fraser_Regulation,21,1.6017713000041993,1.7832453625729086,-1.8933896106387016,5.0969322106471004,TRUE
heritage_Property.Rights,-25,-4.341749129759462,2.0681327645564553,-8.395289348290113,-0.28820891122880976,FALSE
heritage_Property.Rights,-24,2.2315035420046683,2.018700063875899,-1.725148583192094,6.18815566720143,TRUE
heritage_Property.Rights,-23,0.7422861893249546,1.2935191751350197,-1.7930113939396841,3.277583772589593,TRUE
heritage_Property.Rights,-22,-0.7851151834710519,1.0190040469369783,-2.7823631154675295,1.2121327485254256,TRUE
heritage_Property.Rights,-21,0.5037058400213346,0.6059898515889784,-0.6840342690930632,1.6914459491357323,TRUE
heritage_Property.Rights,-20,-3.412140497682466,1.3412656126239453,-6.041021098425398,-0.783259896939533,FALSE
heritage_Property.Rights,-19,2.119361634268083,1.8868054336265987,-1.5787770156400502,5.817500284176216,TRUE
heritage_Property.Rights,-18,1.0658834573351852,1.3280057375603003,-1.5370077882830033,3.6687747029533737,TRUE
heritage_Property.Rights,-17,-0.3735539417000858,0.9967295395158994,-2.3271438391512485,1.580035955751077,TRUE
heritage_Property.Rights,-16,0.5560482690441034,0.6976802534572994,-0.8114050277322035,1.9235015658204104,TRUE
heritage_Property.Rights,-15,0.7314428401072373,0.7717425492619564,-0.7811725564461973,2.244058236660672,TRUE
heritage_Property.Rights,-14,1.4502547421513483,1.0691195986448117,-0.6452196711924827,3.545729155495179,TRUE
heritage_Property.Rights,-13,-2.6681591382248544,1.6641186247009074,-5.929831642638633,0.5935133661889243,TRUE
heritage_Property.Rights,-12,1.0102177476754717,1.0096582681208348,-0.9687124578413646,2.989147953192308,TRUE
heritage_Property.Rights,-11,0.6569890355922665,0.5396832813568413,-0.4007901958671425,1.7147682670516755,TRUE
heritage_Property.Rights,-10,-0.8220791061158594,0.5099675739885379,-1.8216155511333936,0.1774573389016748,TRUE
heritage_Property.Rights,-9,-0.4699068611881743,1.023725166277471,-2.4764081870920176,1.5365944647156689,TRUE
heritage_Property.Rights,-8,0.6482996042767812,1.7479678322266858,-2.777717346887523,4.074316555441086,TRUE
heritage_Property.Rights,-7,-0.9611188677042407,1.154742008212907,-3.2244132038015385,1.3021754683930569,TRUE
heritage_Property.Rights,-6,0.9182923088374149,0.6708465214654474,-0.39656687323486217,2.233151490909692,TRUE
heritage_Property.Rights,-5,-0.2365362262517197,1.0268377813315546,-2.2491382776615665,1.7760658251581272,TRUE
heritage_Property.Rights,-4,-0.19867758916160308,0.35335644443348935,-0.8912562202512422,0.4939010419280361,TRUE
heritage_Property.Rights,-3,0.024574232207120614,0.5505229008563816,-1.0544506534713873,1.1035991178856284,TRUE
heritage_Property.Rights,-2,0.7984124749257291,0.7879300592960635,-0.7459304412945553,2.3427553911460137,TRUE
heritage_Property.Rights,-1,-1.5972317914980798,1.0117801493825094,-3.580320884287798,0.3858573012916384,TRUE
heritage_Property.Rights,0,0.283671155067964,0.5512495489679419,-0.796777960909202,1.3641202710451301,TRUE
heritage_Property.Rights,1,0.7410026227815819,0.7409470672565812,-0.7112536290413173,2.193258874604481,TRUE
heritage_Property.Rights,2,1.2754727375601582,0.7777761013158385,-0.24896842101888517,2.7999138961392016,TRUE
heritage_Property.Rights,3,0.9168406664723904,1.7492401465614684,-2.5116700207880878,4.345351353732869,TRUE
heritage_Property.Rights,4,-0.3459168906592867,0.810527379949468,-1.934550555360244,1.2427167740416707,TRUE
heritage_Property.Rights,5,0.2770952352009502,0.6125560498275068,-0.9235146224609632,1.4777050928628634,TRUE
heritage_Property.Rights,6,1.1187444821604937,1.2362404206942057,-1.3042867424001496,3.541775706721137,TRUE
heritage_Property.Rights,7,-0.4300905701305967,1.3556342657450557,-3.087133730990906,2.2269525907297125,TRUE
heritage_Property.Rights,8,0.5530980321308522,1.0200167291364646,-1.4461347569766185,2.5523308212383227,TRUE
heritage_Property.Rights,9,1.4721199241669571,0.8604668979032597,-0.2143951957234318,3.158635044057346,TRUE
heritage_Property.Rights,10,0.8324966682739914,1.217550356889448,-1.5539020312293264,3.218895367777309,TRUE
heritage_Property.Rights,11,2.1931359750214785,1.1128917188369416,0.011868206101072865,4.374403743941884,FALSE
heritage_Property.Rights,12,-0.14219006746767898,1.188090450553905,-2.4708473505533326,2.186467215617975,TRUE
heritage_Property.Rights,13,0.43368365317121993,1.4212717852231305,-2.3520090458661156,3.2193763522085557,TRUE
heritage_Property.Rights,14,-1.2316439587291963,1.34065795949436,-3.8593335593381415,1.3960456418797491,TRUE
heritage_Property.Rights,15,-0.39967358135458314,1.7215679949608884,-3.773946851477924,2.974599688768758,TRUE
heritage_Property.Rights,16,0.681132658143888,1.6043393970503064,-2.4633725600747125,3.8256378763624888,TRUE
heritage_Property.Rights,17,0.5992181672875359,1.5789245375594716,-2.495473926329028,3.6939102609041,TRUE
heritage_Property.Rights,18,-0.5634890330303247,1.4751842596304101,-3.4548501819059285,2.327872115845279,TRUE
heritage_Property.Rights,19,0.962246450086719,1.435644500765536,-1.8516167714137315,3.7761096715871694,TRUE
heritage_Property.Rights,20,1.900759517906301,1.2920323940027398,-0.631623974339069,4.433143010151671,TRUE
heritage_Property.Rights,21,0.9990308689826913,1.5815440951488207,-2.100795557508997,4.09885729547438,TRUE
heritage_Property.Rights,22,2.40962550693062,1.9589656737867132,-1.4299472136913378,6.2491982275525775,TRUE
heritage_Property.Rights,23,3.9842257000863737,1.9821764602136918,0.09915983806753781,7.869291562105209,FALSE
heritage_Property.Rights,24,2.203395525341397,2.06560660366675,-1.8451934178454334,6.251984468528228,TRUE
heritage_Property.Rights,25,-2.132658458323365,3.285226722501086,-8.571702834425494,4.306385917778763,TRUE
heritage_Government.Integrity,-25,-1.1800995476961051,1.6302752326203351,-4.375439003631962,2.0152399082397516,TRUE
heritage_Government.Integrity,-24,1.5405655696093477,1.1807728388551686,-0.7737491945467827,3.854880333765478,TRUE
heritage_Government.Integrity,-23,-1.0154888143243743,2.0834734547715725,-5.0990967856766565,3.0681191570279074,TRUE
heritage_Government.Integrity,-22,-0.04364347674474429,2.193438176082343,-4.342782301866136,4.255495348376647,TRUE
heritage_Government.Integrity,-21,0.7051367373642611,1.619071056478166,-2.468242533332944,3.8785160080614665,TRUE
heritage_Government.Integrity,-20,0.9576462179730424,1.226769679534171,-1.4468223539139329,3.3621147898600174,TRUE
heritage_Government.Integrity,-19,0.3822907292206203,1.020144165922104,-1.6171918359867035,2.381773294427944,TRUE
heritage_Government.Integrity,-18,-0.2992605817966852,0.9192122259687651,-2.1009165446954645,1.5023953811020943,TRUE
heritage_Government.Integrity,-17,0.33569605979473416,1.0142887977674273,-1.6523099838294235,2.3237021034188916,TRUE
heritage_Government.Integrity,-16,-0.9466571674836242,0.8993638835942978,-2.709410379328448,0.8160960443611993,TRUE
heritage_Government.Integrity,-15,2.088241985875467,1.1306998921532887,-0.1279298027449789,4.304413774495913,TRUE
heritage_Government.Integrity,-14,1.15645675289457,0.9115820439939618,-0.6302440533335951,2.943157559122735,TRUE
heritage_Government.Integrity,-13,-2.505125867374677,0.7305534721417029,-3.9370106727724146,-1.0732410619769395,FALSE
heritage_Government.Integrity,-12,0.7307644210158319,0.8922225887648674,-1.017991852963308,2.4795206949949717,TRUE
heritage_Government.Integrity,-11,-1.6222676847768704,1.3611077255777653,-4.29003882690929,1.0455034573555493,TRUE
heritage_Government.Integrity,-10,2.0792740560779226,1.2387965178287885,-0.3487671188665029,4.507315231022348,TRUE
heritage_Government.Integrity,-9,-1.6456211450546894,1.6435149567322174,-4.866910460249835,1.5756681701404567,TRUE
heritage_Government.Integrity,-8,-0.018919174033110775,0.8190401161542,-1.6242378016953427,1.5863994536291213,TRUE
heritage_Government.Integrity,-7,-0.40914988446444156,0.7894405256397129,-1.9564533147182788,1.1381535457893959,TRUE
heritage_Government.Integrity,-6,-0.3605005032968412,0.8267178673670589,-1.9808675233362765,1.2598665167425942,TRUE
heritage_Government.Integrity,-5,-0.11592299774563036,0.8690735431685728,-1.819307142356033,1.5874611468647721,TRUE
heritage_Government.Integrity,-4,0.08696925657930053,0.6089988251905966,-1.1066684407942686,1.2806069539528697,TRUE
heritage_Government.Integrity,-3,0.33378079771394853,0.7728178016412772,-1.1809420935029546,1.848503688930852,TRUE
heritage_Government.Integrity,-2,0.45682926615114594,0.562844688643828,-0.6463463235907569,1.5600048558930488,TRUE
heritage_Government.Integrity,-1,-0.6416137185678888,0.5229839925959943,-1.6666623440560375,0.38343490692025994,TRUE
heritage_Government.Integrity,0,0.06776298470040203,0.40103627819499926,-0.7182681205617966,0.8537940899626005,TRUE
heritage_Government.Integrity,1,-0.18878095607362635,0.4525204085227215,-1.0757209567781605,0.6981590446309078,TRUE
heritage_Government.Integrity,2,-0.5908482901381498,0.5197360053189517,-1.609530860563295,0.42783428028699544,TRUE
heritage_Government.Integrity,3,0.03657313575431458,0.847618104065557,-1.6247583482141772,1.6979046197228065,TRUE
heritage_Government.Integrity,4,0.41268026586713286,0.6846238353138443,-0.9291824513480018,1.7545429830822676,TRUE
heritage_Government.Integrity,5,-0.1312502098656458,0.606457601163896,-1.319907108146882,1.0574066884155904,TRUE
heritage_Government.Integrity,6,-1.797599218389967,1.2504584950212725,-4.248497868631661,0.6532994318517269,TRUE
heritage_Government.Integrity,7,-0.006034993517452987,1.3747328340165412,-2.7005113481898735,2.688441361154968,TRUE
heritage_Government.Integrity,8,-0.6862089812527703,1.1497742330704406,-2.9397664780708337,1.567348515565293,TRUE
heritage_Government.Integrity,9,-0.635720051259648,0.9384208075317482,-2.4750248340218746,1.2035847315025783,TRUE
heritage_Government.Integrity,10,-0.38169365267093674,0.7440491515438267,-1.8400299896968368,1.0766426843549635,TRUE
heritage_Government.Integrity,11,-0.35517199791159737,0.8692195719078211,-2.0588423588509266,1.348498363027732,TRUE
heritage_Government.Integrity,12,-0.8613423656008725,0.9685570468035342,-2.759714177335799,1.0370294461340543,TRUE
heritage_Government.Integrity,13,-0.8894106921823413,0.5690462244754445,-2.0047412921542125,0.22591990778952997,TRUE
heritage_Government.Integrity,14,-0.8249778753868322,0.7323833674664019,-2.2604492756209797,0.6104935248473153,TRUE
heritage_Government.Integrity,15,-0.7941369476826664,0.9313034098476403,-2.6194916309840415,1.0312177356187084,TRUE
heritage_Government.Integrity,16,0.14713980138787447,0.8663297227268132,-1.5508664551566793,1.8451460579324281,TRUE
heritage_Government.Integrity,17,-0.4434083454635577,0.6910996274186245,-1.7979636152040617,0.9111469242769464,TRUE
heritage_Government.Integrity,18,0.5287909968925631,0.8394299959350535,-1.1164917951401416,2.174073788925268,TRUE
heritage_Government.Integrity,19,-0.2839807973346079,0.7218645416880975,-1.698835299043279,1.1308737043740633,TRUE
heritage_Government.Integrity,20,0.5658668554468261,0.9172190004423663,-1.231882385420212,2.363616096313864,TRUE
heritage_Government.Integrity,21,0.13058774933387218,0.9068444931208826,-1.6468274571830577,1.9080029558508018,TRUE
heritage_Government.Integrity,22,-0.5342535364404465,1.313840445230103,-3.109380809091448,2.040873736210555,TRUE
heritage_Government.Integrity,23,0.35230444988944465,1.0270153453256878,-1.6606456269489036,2.3652545267277927,TRUE
heritage_Government.Integrity,24,1.7039356418853684,1.2145822082031017,-0.6766454861927107,4.0845167699634475,TRUE
heritage_Government.Integrity,25,0.3704020623776949,1.5367941365442406,-2.6417144452490167,3.3825185700044065,TRUE
heritage_Judicial.Effectiveness,-25,-0.8630049457006237,1.0029045037995925,-2.828697773147825,1.1026878817465775,TRUE
heritage_Judicial.Effectiveness,-24,3.0171280061158394,1.0493655128453483,0.9603716009389567,5.073884411292722,FALSE
heritage_Judicial.Effectiveness,-23,-1.009942582460721,0.8670603194123184,-2.709380808508865,0.6894956435874229,TRUE
heritage_Judicial.Effectiveness,-22,1.5190684373693397,2.248294639364907,-2.8875890557858774,5.925725930524557,TRUE
heritage_Judicial.Effectiveness,-21,-1.3229618979776625,1.369287893592399,-4.006766169418765,1.3608423734634398,TRUE
heritage_Judicial.Effectiveness,-20,-0.25839047483405037,0.7456016669890221,-1.7197697421325338,1.202988792464433,TRUE
heritage_Judicial.Effectiveness,-19,-0.08275277975392527,0.7154643911465887,-1.485062986401239,1.3195574268933883,TRUE
heritage_Judicial.Effectiveness,-18,-1.5844394345788015,0.8956630027385012,-3.339938919946264,0.17106005078866082,TRUE
heritage_Judicial.Effectiveness,-17,1.2173744351741815,0.585933856376702,0.06894407667584557,2.3658047936725177,FALSE
heritage_Judicial.Effectiveness,-16,0.3902833922795706,0.43480864935500646,-0.4619415604562421,1.2425083450153833,TRUE
heritage_Judicial.Effectiveness,-15,0.4239495634122186,0.4724007821742209,-0.5019559696492544,1.3498550964736915,TRUE
heritage_Judicial.Effectiveness,-14,-0.450296320990272,0.6338778741745429,-1.692696954372376,0.7921043123918321,TRUE
heritage_Judicial.Effectiveness,-13,-0.9556417376736194,0.7240803419323542,-2.3748392078610334,0.4635557325137948,TRUE
heritage_Judicial.Effectiveness,-12,0.24040603395227592,0.6250709303008065,-0.9847329894373048,1.4655450573418567,TRUE
heritage_Judicial.Effectiveness,-11,0.8324104798667528,0.845262247792469,-0.8243035258064862,2.4891244855399917,TRUE
heritage_Judicial.Effectiveness,-10,-0.840238899023694,1.340863850277808,-3.468332045568198,1.78785424752081,TRUE
heritage_Judicial.Effectiveness,-9,1.3276291140768657,0.9589425879357708,-0.551898358277245,3.207156586430976,TRUE
heritage_Judicial.Effectiveness,-8,-0.07711426414515776,0.5382440617555151,-1.1320726251859674,0.9778440968956518,TRUE
heritage_Judicial.Effectiveness,-7,0.5361961563180471,0.5608027128465449,-0.5629771608611809,1.635369473497275,TRUE
heritage_Judicial.Effectiveness,-6,-0.7007497993824972,0.6557198462996463,-1.985960698129804,0.5844610993648096,TRUE
heritage_Judicial.Effectiveness,-5,-0.1347407444804184,0.47617687968314315,-1.068047428659379,0.7985659396985422,TRUE
heritage_Judicial.Effectiveness,-4,0.01409769017571668,0.3770324093393037,-0.7248858321293186,0.753081212480752,TRUE
heritage_Judicial.Effectiveness,-3,0.4266035072955529,0.5531050932950579,-0.6574824755627604,1.5106894901538663,TRUE
heritage_Judicial.Effectiveness,-2,-0.41745068329850804,0.9904451626514997,-2.3587232020954474,1.5238218354984314,TRUE
heritage_Judicial.Effectiveness,-1,2.054504608242659,1.6086413465397125,-1.0984324309751772,5.207441647460495,TRUE
heritage_Judicial.Effectiveness,0,-1.9921011159788395,0.9423910161795517,-3.839187507690761,-0.1450147242669182,FALSE
heritage_Judicial.Effectiveness,1,1.1267819428794745,1.0728898705423338,-0.9760822033834995,3.2296460891424488,TRUE
heritage_Judicial.Effectiveness,2,2.043801541427162,2.0333665371436838,-1.941596871374458,6.0291999542287815,TRUE
heritage_Judicial.Effectiveness,3,-2.7284646060900335,1.3980792156515975,-5.468699868767164,0.011770656587097417,TRUE
heritage_Judicial.Effectiveness,4,-0.2463355964459928,3.7843004741950415,-7.663564525868274,7.170893332976288,TRUE
heritage_Tax.Burden,-24,1.3625719896405142,0.8799006120780879,-0.3620332100325381,3.087177189313566,TRUE
heritage_Tax.Burden,-23,-1.2193149196698427,2.317460034561826,-5.761536587411021,3.3229067480713357,TRUE
heritage_Tax.Burden,-22,-3.1489510016270064,4.192255622962657,-11.365772022633813,5.0678700193798,TRUE
heritage_Tax.Burden,-21,2.8590346950074834,3.590497773015454,-4.178340940102807,9.896410330117773,TRUE
heritage_Tax.Burden,-20,-1.0285345774957593,1.136375151343883,-3.2558298741297698,1.1987607191382512,TRUE
heritage_Tax.Burden,-19,-4.346498098686837,5.741780349778642,-15.600387584252974,6.907391386879301,TRUE
heritage_Tax.Burden,-18,10.707868993010848,14.338122109162022,-17.394850340946714,38.810588326968414,TRUE
heritage_Tax.Burden,-17,-5.6869621552760705,6.729571053167712,-18.876921419484788,7.502997108932645,TRUE
heritage_Tax.Burden,-16,-2.266836662373224,3.366309007092199,-8.864802316273934,4.3311289915274855,TRUE
heritage_Tax.Burden,-15,0.20726773354116126,1.0523764533285527,-1.855390114982802,2.2699255820651247,TRUE
heritage_Tax.Burden,-14,5.034893920600343,4.68412826167404,-4.145997472280776,14.215785313481462,TRUE
heritage_Tax.Burden,-13,-3.901911598587489,2.9111937033173128,-9.607851257089422,1.8040280599144438,TRUE
heritage_Tax.Burden,-12,-1.371276834684967,1.0443743147530804,-3.418250491601005,0.6756968222310704,TRUE
heritage_Tax.Burden,-11,0.668201655968051,0.9533831925264115,-1.2004294013837153,2.5368327133198174,TRUE
heritage_Tax.Burden,-10,-1.4179829829270534,1.4134057006632184,-4.188258156226961,1.3522921903728546,TRUE
heritage_Tax.Burden,-9,0.8313321921033056,0.9912405312820723,-1.1114992492095563,2.7741636334161672,TRUE
heritage_Tax.Burden,-8,-0.24413080936036644,1.4350542031266729,-3.0568370474886453,2.5685754287679123,TRUE
heritage_Tax.Burden,-7,0.04889150117281372,1.1714579975723183,-2.24716617406893,2.3449491764145574,TRUE
heritage_Tax.Burden,-6,0.44456686818383684,0.9786248723237571,-1.473537881570727,2.3626716179384006,TRUE
heritage_Tax.Burden,-5,0.21152146220769943,0.732940256823817,-1.2250414411669819,1.648084365582381,TRUE
heritage_Tax.Burden,-4,0.15232039514139623,0.9413510083165888,-1.6927275811591178,1.9973683714419104,TRUE
heritage_Tax.Burden,-3,-0.8039630062712187,0.6396553449373953,-2.0576874823485136,0.449761469806076,TRUE
heritage_Tax.Burden,-2,0.9651583551197174,0.6170629270678194,-0.2442849819332087,2.1746016921726437,TRUE
heritage_Tax.Burden,-1,0.9311228148662856,0.4617131814583224,0.02616497920797367,1.8360806505245975,FALSE
heritage_Tax.Burden,0,-0.8495508190557883,0.46731875408616663,-1.7654955770646747,0.0663939389530982,TRUE
heritage_Tax.Burden,1,-0.22203085600511527,0.577754588646476,-1.354429849752208,0.9103681377419776,TRUE
heritage_Tax.Burden,2,-0.004786071246508546,0.750204433227703,-1.4751867603728066,1.4656146178797893,TRUE
heritage_Tax.Burden,3,-0.2571793439752617,0.5526258305324191,-1.340325971818803,0.8259672838682797,TRUE
heritage_Tax.Burden,4,-1.4189385538169623,0.5600098786687285,-2.5165579160076703,-0.32131919162625433,FALSE
heritage_Tax.Burden,5,-0.19987152276682305,0.49798985434012255,-1.1759316372734632,0.7761885917398171,TRUE
heritage_Tax.Burden,6,-1.318371705443591,0.8666058170982728,-3.0169191069562054,0.38017569606902346,TRUE
heritage_Tax.Burden,7,-1.6066853819831914,0.6107066217660385,-2.803670360644627,-0.40970040332175595,FALSE
heritage_Tax.Burden,8,-1.0397273556466624,0.6999075953168588,-2.4115462424677054,0.3320915311743806,TRUE
heritage_Tax.Burden,9,-1.4126126534657568,0.9371231485165411,-3.2493740245581773,0.4241487176266636,TRUE
heritage_Tax.Burden,10,-1.1034524035619044,0.9438682004451252,-2.95343407643435,0.746529269310541,TRUE
heritage_Tax.Burden,11,-1.9187725238076756,1.317137942984048,-4.50036289205641,0.6628178444410584,TRUE
heritage_Tax.Burden,12,-0.7123468080979486,1.5065558292340997,-3.665196233396784,2.2405026172008866,TRUE
heritage_Tax.Burden,13,-0.42389827913410233,1.2604985772961546,-2.8944754906345653,2.0466789323663606,TRUE
heritage_Tax.Burden,14,-1.1419817911092416,0.9155833959329506,-2.9365252471378245,0.6525616649193415,TRUE
heritage_Tax.Burden,15,-0.7358596863501149,1.0105111416195993,-2.7164615239245293,1.2447421512242998,TRUE
heritage_Tax.Burden,16,-0.7629017111588218,0.8023760215288446,-2.3355587133553573,0.8097552910377136,TRUE
heritage_Tax.Burden,17,-0.6091235763251034,1.0291348922703447,-2.626227965174979,1.4079808125247721,TRUE
heritage_Tax.Burden,18,-2.0667747140053634,0.8535181021460134,-3.73967019421155,-0.393879233799177,FALSE
heritage_Tax.Burden,19,-1.7547542298376917,0.9397001041915571,-3.596566434053144,0.0870579743777602,TRUE
heritage_Tax.Burden,20,-0.2837059067150885,1.2606434984724162,-2.7545671637210245,2.187155350290847,TRUE
heritage_Tax.Burden,21,-1.0926958810354055,1.3965784593447161,-3.829989661351049,1.644597899280238,TRUE
heritage_Tax.Burden,22,-2.078014977984814,1.011293132726388,-4.060149518128535,-0.09588043784109335,FALSE
heritage_Tax.Burden,23,2.5516391312891358,1.8619743601766796,-1.0978306146571564,6.201108877235428,TRUE
heritage_Tax.Burden,24,0.6670306983448127,1.4584010882286553,-2.1914354345833518,3.525496831272977,TRUE
heritage_Tax.Burden,25,1.0821168393254532,1.3593503527862747,-1.5822098521356454,3.746443530786552,TRUE
heritage_Government.Spending,-24,0.3226814316297239,2.7877588082109943,-5.141325832463824,5.786688695723273,TRUE
heritage_Government.Spending,-23,-4.223964689580527,2.4781992962178174,-9.08123531016745,0.6333059310063947,TRUE
heritage_Government.Spending,-22,7.1104658565450904,4.527089966388513,-1.762630477576396,15.983562190666577,TRUE
heritage_Government.Spending,-21,-3.898743089752976,2.707312899173792,-9.205076372133608,1.4075901926276564,TRUE
heritage_Government.Spending,-20,0.1950084416335387,1.3908560563713879,-2.5310694288543814,2.9210863121214588,TRUE
heritage_Government.Spending,-19,-0.8302950726171386,1.9965038843434835,-4.743442685930367,3.082852540696089,TRUE
heritage_Government.Spending,-18,-3.2554536017597093,3.569716896167911,-10.252098718248815,3.741191514729396,TRUE
heritage_Government.Spending,-17,5.424333813247581,7.911519008401044,-10.082243443218463,20.930911069713627,TRUE
heritage_Government.Spending,-16,0.34066184023774587,3.192525763161019,-5.916688655557851,6.598012336033343,TRUE
heritage_Government.Spending,-15,-4.666894912748933,4.365883917533931,-13.224027391115438,3.8902375656175714,TRUE
heritage_Government.Spending,-14,-1.0667863631220802,0.6371390666816352,-2.3155789338180854,0.18200620757392483,TRUE
heritage_Government.Spending,-13,0.14853693303716717,0.7913849276317253,-1.4025775251210144,1.6996513911953486,TRUE
heritage_Government.Spending,-12,1.2990525250675553,1.6786369812959734,-1.9910759582725523,4.589181008407663,TRUE
heritage_Government.Spending,-11,-1.0490525632026104,1.5818374839524176,-4.1494540317493485,2.051348905344128,TRUE
heritage_Government.Spending,-10,-0.9824321847511429,1.078490740516355,-3.096274036163199,1.1314096666609128,TRUE
heritage_Government.Spending,-9,0.0737359821165064,0.8727997836770458,-1.6369515938905033,1.7844235581235162,TRUE
heritage_Government.Spending,-8,-0.3849252719241893,0.8218728930823671,-1.9957961423656287,1.22594559851725,TRUE
heritage_Government.Spending,-7,0.3868384109703051,1.1735253946892172,-1.9132713626205604,2.6869481845611705,TRUE
heritage_Government.Spending,-6,-0.21805819465730408,0.9838531451831309,-2.1464103592162407,1.7102939699016324,TRUE
heritage_Government.Spending,-5,0.8194579685142506,1.073263526497833,-1.284138543421502,2.923054480450003,TRUE
heritage_Government.Spending,-4,-2.23188155562784,0.6238038637378539,-3.454537128554034,-1.0092259827016465,FALSE
heritage_Government.Spending,-3,0.15379738589393047,0.8221515389180819,-1.45761963038551,1.7652144021733711,TRUE
heritage_Government.Spending,-2,0.38920610947282946,0.7302991635801387,-1.0421802511442424,1.8205924700899012,TRUE
heritage_Government.Spending,-1,-0.3415933483804038,0.6002507972885642,-1.5180849110659898,0.8348982143051821,TRUE
heritage_Government.Spending,0,0.33149429501994876,0.4519133437929158,-0.5542558588141662,1.2172444488540637,TRUE
heritage_Government.Spending,1,0.08906680887421844,0.4396934252878826,-0.7727323046900314,0.9508659224384683,TRUE
heritage_Government.Spending,2,0.14781314933612122,0.6722299492284969,-1.1697575511517326,1.465383849823975,TRUE
heritage_Government.Spending,3,-0.6878474104783109,1.1747510184242846,-2.990359406589909,1.614664585633287,TRUE
heritage_Government.Spending,4,1.2568989055999957,1.1452229748634624,-0.9877381251323907,3.501535936332382,TRUE
heritage_Government.Spending,5,0.452784809567478,0.6897485382905226,-0.8991223254819463,1.8046919446169023,TRUE
heritage_Government.Spending,6,0.43865050036108166,0.8714346081242346,-1.2693613315624181,2.1466623322845813,TRUE
heritage_Government.Spending,7,-0.19786071396954125,0.8668887687702453,-1.896962700759222,1.5012412728201396,TRUE
heritage_Government.Spending,8,0.9434259665571451,0.7798286941206314,-0.5850382739192924,2.4718902070335824,TRUE
heritage_Government.Spending,9,0.7169126673632985,0.9871223574351348,-1.2178471532095658,2.6516724879361626,TRUE
heritage_Government.Spending,10,0.590850699651135,0.787490610854006,-0.9526308976227166,2.1343322969249865,TRUE
heritage_Government.Spending,11,-1.117219327063467,0.7481539455271518,-2.5836010602966843,0.34916240616975047,TRUE
heritage_Government.Spending,12,-0.960158814748907,0.8651188178607886,-2.6557916977560527,0.7354740682582387,TRUE
heritage_Government.Spending,13,0.101333875115268,0.8007979246968593,-1.4682300572905762,1.670897807521112,TRUE
heritage_Government.Spending,14,-0.17652351930524643,0.7338590370392045,-1.6148872319020873,1.2618401932915946,TRUE
heritage_Government.Spending,15,0.0646012943414698,0.7639846687622429,-1.4328086564325264,1.562011245115466,TRUE
heritage_Government.Spending,16,0.3635174996855062,0.7558562571610647,-1.1179607643501808,1.8449957637211931,TRUE
heritage_Government.Spending,17,-0.2567862786037621,0.8652520539265065,-1.9526803042997147,1.4391077470921907,TRUE
heritage_Government.Spending,18,0.386637682776434,1.0140325798737393,-1.600866173776095,2.374141539328963,TRUE
heritage_Government.Spending,19,-0.5703886414485827,0.7492202357108853,-2.038860303441918,0.8980830205447524,TRUE
heritage_Government.Spending,20,0.6319236198481653,0.9119996924171346,-1.1555957772894185,2.419443016985749,TRUE
heritage_Government.Spending,21,0.2223801332693705,1.4307894312039986,-2.5819671518904665,3.0267274184292075,TRUE
heritage_Government.Spending,22,0.8602271087613191,1.2823285569106233,-1.6531368627835024,3.3735910803061406,TRUE
heritage_Government.Spending,23,2.265320311860533,3.012023564060852,-3.638245873698737,8.168886497419802,TRUE
heritage_Government.Spending,24,-0.014070962389616248,2.596198166117805,-5.102619367980514,5.074477443201282,TRUE
heritage_Government.Spending,25,3.2392169429717343,4.5019664594880355,-5.584637317624815,12.063071203568285,TRUE
heritage_Fiscal.Health,-24,1.240175503910697,3.3387193180035135,-5.3037143593761895,7.7840653671975835,TRUE
heritage_Fiscal.Health,-23,5.8204657540077775,3.099900638231953,-0.2553394969268501,11.896271004942406,TRUE
heritage_Fiscal.Health,-22,-1.9538616387329681,3.9961327936368503,-9.786281914261194,5.878558636795258,TRUE
heritage_Fiscal.Health,-21,-2.17242516137296,2.2912993732609674,-6.663371932964456,2.3185216102185358,TRUE
heritage_Fiscal.Health,-20,-0.2970931493643427,0.9882129211557797,-2.233990474829671,1.6398041761009856,TRUE
heritage_Fiscal.Health,-19,2.1455301879798205,1.8309423078451683,-1.4431167353967091,5.734177111356351,TRUE
heritage_Fiscal.Health,-18,-3.4140328332224805,1.6382127718033779,-6.624929865957101,-0.20313580048786006,FALSE
heritage_Fiscal.Health,-17,-0.9619299062081896,1.9599913000500337,-4.8035128543062555,2.8796530418898767,TRUE
heritage_Fiscal.Health,-16,1.6121996893515276,5.107525751208977,-8.398550783018067,11.622950161721121,TRUE
heritage_Fiscal.Health,-15,-1.925232674520396,2.4474668513045787,-6.72226770307737,2.8718023540365776,TRUE
heritage_Fiscal.Health,-14,0.8849823321967655,1.7454379809839233,-2.536076110531724,4.306040774925255,TRUE
heritage_Fiscal.Health,-13,0.5631986663725451,0.9887117911482767,-1.374676444278077,2.5010737770231675,TRUE
heritage_Fiscal.Health,-12,1.426033205117508,0.6944706127564447,0.06487080411487622,2.7871956061201395,FALSE
heritage_Fiscal.Health,-11,-0.40787356548247744,0.7751371521857231,-1.9271423837664947,1.1113952528015398,TRUE
heritage_Fiscal.Health,-10,-0.9527196488412639,1.0579598809870634,-3.026321015575908,1.12088171789338,TRUE
heritage_Fiscal.Health,-9,0.5781903779665242,1.065893315128249,-1.510960519684844,2.667341275617892,TRUE
heritage_Fiscal.Health,-8,0.33698054304520936,1.0372165825589388,-1.6959639587703106,2.369925044860729,TRUE
heritage_Fiscal.Health,-7,-0.6331682547879228,1.2837690026967996,-3.14935550007365,1.8830189904978045,TRUE
heritage_Fiscal.Health,-6,-1.1062540605212678,0.6887780097114535,-2.4562589595557167,0.24375083851318102,TRUE
heritage_Fiscal.Health,-5,-0.33936599889493557,0.8857748665629918,-2.0754847373583996,1.3967527395685282,TRUE
heritage_Fiscal.Health,-4,0.2649576054235404,0.6169642297036033,-0.9442922847955221,1.4742074956426028,TRUE
heritage_Fiscal.Health,-3,0.3000868433264443,0.9184609841304319,-1.5000966855692022,2.1002703722220906,TRUE
heritage_Fiscal.Health,-2,0.8672656944058377,0.4142665629873781,0.055303230950576654,1.6792281578610986,FALSE
heritage_Fiscal.Health,-1,0.7399739139060926,0.5327029246338664,-0.30412381837628555,1.7840716461884707,TRUE
heritage_Fiscal.Health,0,-3.530830586976008,1.9588376572617734,-7.370152395209084,0.3084912212570674,TRUE
heritage_Fiscal.Health,1,-0.18611361128537462,1.3047148300660028,-2.74335467821474,2.371127455643991,TRUE
heritage_Fiscal.Health,2,-0.17717170438852536,1.5312147200889326,-3.178352555762833,2.8240091469857824,TRUE
heritage_Fiscal.Health,3,0.8384659713420044,2.397761882424598,-3.8611473182102074,5.538079260894216,TRUE
heritage_Fiscal.Health,4,0.4262812705160503,2.1260010387079786,-3.740680765351588,4.593243306383688,TRUE
heritage_Business.Freedom,-25,-0.05867074529118974,1.929404158208327,-3.840302895379511,3.722961404797131,TRUE
heritage_Business.Freedom,-24,0.9265663380328791,2.08222915740786,-3.1546028104865265,5.007735486552285,TRUE
heritage_Business.Freedom,-23,0.16874387752993167,1.5206623345417567,-2.8117542981719117,3.1492420532317746,TRUE
heritage_Business.Freedom,-22,-0.5374891823136633,1.4247638649172802,-3.3300263575515325,2.255047992924206,TRUE
heritage_Business.Freedom,-21,-0.2826273018518937,0.9637077233333028,-2.1714944395851674,1.6062398358813799,TRUE
heritage_Business.Freedom,-20,-0.8837629550506445,1.3137534263433421,-3.458719670683595,1.691193760582306,TRUE
heritage_Business.Freedom,-19,2.0691490785726385,2.6449443023404338,-3.1149417540146116,7.253239911159889,TRUE
heritage_Business.Freedom,-18,-2.6870116351698843,3.6160919006038394,-9.77455176035341,4.400528490013642,TRUE
heritage_Business.Freedom,-17,0.5714613277396398,0.9848757445810467,-1.3588951316392115,2.5018177871184912,TRUE
heritage_Business.Freedom,-16,-0.5676631704742796,1.4986813626251099,-3.505078641219495,2.3697523002709358,TRUE
heritage_Business.Freedom,-15,2.7559410564524103,3.7101535470970837,-4.515959895857874,10.027842008762693,TRUE
heritage_Business.Freedom,-14,-3.641691973200909,1.7866958244859834,-7.143615789193436,-0.13976815720838154,FALSE
heritage_Business.Freedom,-13,1.439786249707818,1.9761924506287982,-2.4335509535246267,5.313123452940262,TRUE
heritage_Business.Freedom,-12,0.04671255369484502,1.2954611931076832,-2.492391384796214,2.585816492185904,TRUE
heritage_Business.Freedom,-11,-1.1960251893547365,1.1304587464723563,-3.4117243324405546,1.0196739537310817,TRUE
heritage_Business.Freedom,-10,1.6322221189366184,2.3451683915059065,-2.964307928414958,6.228752166288195,TRUE
heritage_Business.Freedom,-9,-0.09275634197604915,0.7871625114391911,-1.6355948643968636,1.4500821804447654,TRUE
heritage_Business.Freedom,-8,-0.006546556260423037,0.5632044757621927,-1.1104273287543207,1.0973342162334747,TRUE
heritage_Business.Freedom,-7,-0.28092519512762976,0.6672319731097274,-1.5886998624226953,1.026849472167436,TRUE
heritage_Business.Freedom,-6,0.8902240270920098,0.6526576373466493,-0.38898494210742285,2.1694329962914423,TRUE
heritage_Business.Freedom,-5,-0.8124437556322338,0.8481417977780791,-2.474801679277269,0.8499141680128012,TRUE
heritage_Business.Freedom,-4,1.511392653358637,1.7018519049089904,-1.8242370802629841,4.8470223869802584,TRUE
heritage_Business.Freedom,-3,-1.6489130970301036,1.0435839108671832,-3.6943375623297827,0.39651136826957534,TRUE
heritage_Business.Freedom,-2,0.23891176680307114,0.5376821899028719,-0.8149453254065577,1.2927688590127,TRUE
heritage_Business.Freedom,-1,0.05688699212111227,0.4367800373676839,-0.7992018811195482,0.9129758653617727,TRUE
heritage_Business.Freedom,0,-0.3216773540173551,0.311584208688971,-0.9323824030477382,0.28902769501302805,TRUE
heritage_Business.Freedom,1,0.43059361250863565,0.45679540959086257,-0.464725390289455,1.3259126153067262,TRUE
heritage_Business.Freedom,2,-0.25964462987456727,0.4700161554372226,-1.1808762945315237,0.661587034782389,TRUE
heritage_Business.Freedom,3,-1.8519330458977503,0.7538113015910202,-3.3294031970161497,-0.3744628947793509,FALSE
heritage_Business.Freedom,4,-1.243424173727322,0.5289145061338503,-2.2800966057496685,-0.20675174170497534,FALSE
heritage_Business.Freedom,5,0.6118000813245982,0.5013211533497618,-0.3707893792409349,1.5943895418901313,TRUE
heritage_Business.Freedom,6,-0.5222466326287359,0.4804589310028143,-1.463946137394252,0.41945287213678006,TRUE
heritage_Business.Freedom,7,-0.32375005593441264,0.6708724250560311,-1.6386600090442336,0.9911598971754083,TRUE
heritage_Business.Freedom,8,-0.1913486787092694,0.7409283052530466,-1.6435681570052407,1.2608707995867021,TRUE
heritage_Business.Freedom,9,0.5433740597669735,0.7466714011001658,-0.9201018863893514,2.0068500059232983,TRUE
heritage_Business.Freedom,10,0.5002084678115631,0.5782187995113787,-0.6331003792307389,1.633517314853865,TRUE
heritage_Business.Freedom,11,0.3025431731306601,0.7514865720385647,-1.1703705080649267,1.7754568543262468,TRUE
heritage_Business.Freedom,12,0.10617913992495943,0.6181336462717283,-1.105362806767628,1.3177210866175468,TRUE
heritage_Business.Freedom,13,0.5418133858856722,0.6604413984846118,-0.7526517551441669,1.8362785269155113,TRUE
heritage_Business.Freedom,14,2.052957172501499,1.2633720698106718,-0.4232520843274177,4.529166429330416,TRUE
heritage_Business.Freedom,15,0.5941996078137992,0.7320101739891528,-0.8405403332049401,2.028939548832539,TRUE
heritage_Business.Freedom,16,-0.25625943095749815,0.9335697302199671,-2.0860561021886337,1.5735372402736374,TRUE
heritage_Business.Freedom,17,1.021341917417625,0.8976926077916632,-0.7381355938540348,2.780819428689285,TRUE
heritage_Business.Freedom,18,1.0586358383481043,0.7660985084607705,-0.44291723823500595,2.5601889149312145,TRUE
heritage_Business.Freedom,19,-1.5411677731962707,1.660858467284973,-4.796450369074818,1.7141148226822764,TRUE
heritage_Business.Freedom,20,-0.375891238624649,0.8975647458872035,-2.1351181405635677,1.38333566331427,TRUE
heritage_Business.Freedom,21,0.7970599934608734,1.1417497269938877,-1.4407694714471462,3.0348894583688932,TRUE
heritage_Business.Freedom,22,0.7442665567688757,1.4520078211341971,-2.101668772654151,3.590201886191902,TRUE
heritage_Business.Freedom,23,2.8592022936515686,1.8445862796517145,-0.7561868144657917,6.4745914017689294,TRUE
heritage_Business.Freedom,24,-0.18446461405122827,1.1997300542275686,-2.535935520337263,2.1670062922348063,TRUE
heritage_Business.Freedom,25,-2.8187396233417146,2.389985906900348,-7.5031120008663965,1.865632754182967,TRUE
heritage_Labor.Freedom,-25,1.4813583951184899,2.6810613423116445,-3.773521835812333,6.736238626049313,TRUE
heritage_Labor.Freedom,-24,-2.3721049588993015,4.401918108426693,-10.999864451415618,6.255654533617015,TRUE
heritage_Labor.Freedom,-23,-0.15660936411518675,1.3213311932893355,-2.7464185029622845,2.4331997747319107,TRUE
heritage_Labor.Freedom,-22,-0.48795040423451896,0.9506036547722472,-2.3511335675881235,1.3752327591190854,TRUE
heritage_Labor.Freedom,-21,4.268408395201125,2.88940455245654,-1.394824527613693,9.931641318015943,TRUE
heritage_Labor.Freedom,-20,-4.239136520445417,1.8490122278029024,-7.863200486939105,-0.6150725539517281,FALSE
heritage_Labor.Freedom,-19,0.38131610834669866,0.9448159080904631,-1.470523071510609,2.2331552882040064,TRUE
heritage_Labor.Freedom,-18,0.16081554422996397,1.0269089093958095,-1.8519259181858228,2.173557006645751,TRUE
heritage_Labor.Freedom,-17,-0.6429725850781965,0.908171253500601,-2.4229882419393745,1.1370430717829816,TRUE
heritage_Labor.Freedom,-16,0.13185590214738754,0.730741361277262,-1.3003971659560458,1.5641089702508209,TRUE
heritage_Labor.Freedom,-15,-0.14815948855149308,0.9684709511325628,-2.046362552771316,1.7500435756683297,TRUE
heritage_Labor.Freedom,-14,0.6827891518569629,0.9072574345247361,-1.0954354198115197,2.4610137235254452,TRUE
heritage_Labor.Freedom,-13,-1.8853619115585467,0.8237808488412122,-3.4999723752873226,-0.2707514478297708,FALSE
heritage_Labor.Freedom,-12,0.6827224618210795,0.9875229563850765,-1.2528225326936702,2.6182674563358295,TRUE
heritage_Labor.Freedom,-11,1.4853133456400844,1.7501233977175352,-1.9449285138862844,4.915555205166453,TRUE
heritage_Labor.Freedom,-10,-1.0150329955961708,0.8923318654613838,-2.764003451900483,0.7339374607081415,TRUE
heritage_Labor.Freedom,-9,-0.9360918051436723,0.5802154025465412,-2.0733139941348933,0.20113038384754856,TRUE
heritage_Labor.Freedom,-8,0.45240483953289606,0.6830638644210861,-0.8864003347324327,1.791210013798225,TRUE
heritage_Labor.Freedom,-7,0.027545771141687964,0.39543131836936807,-0.7474996128622734,0.8025911551456494,TRUE
heritage_Labor.Freedom,-6,-0.05385088450394898,0.41810502323347826,-0.8733367300415664,0.7656349610336683,TRUE
heritage_Labor.Freedom,-5,-0.22655232331879036,0.4215534292736936,-1.0527970446952297,0.5996923980576491,TRUE
heritage_Labor.Freedom,-4,0.23286363038116187,0.5121440742460823,-0.7709387551411594,1.236666015903483,TRUE
heritage_Labor.Freedom,-3,-0.1326938681894144,0.3828940902331841,-0.8831662850464552,0.6177785486676264,TRUE
heritage_Labor.Freedom,-2,0.4750317237699334,0.5064524628935158,-0.5176151035013574,1.4676785510412242,TRUE
heritage_Labor.Freedom,-1,-0.7264903453155265,0.6417349257771809,-1.984290799838801,0.5313101092077481,TRUE
heritage_Labor.Freedom,0,-0.41446508029341994,0.5852625242158385,-1.5615796277564633,0.7326494671696233,TRUE
heritage_Labor.Freedom,1,0.72336299863338,0.6392317297763136,-0.5295311917281946,1.9762571889949547,TRUE
heritage_Labor.Freedom,2,-0.058129459118713825,0.9762601477145502,-1.971599348639232,1.8553404304018044,TRUE
heritage_Labor.Freedom,3,0.3120436955019494,0.7943904595327566,-1.2449616051822534,1.8690489961861523,TRUE
heritage_Labor.Freedom,4,0.6487070919569138,0.6853329639013879,-0.6945455172898065,1.991959701203634,TRUE
heritage_Labor.Freedom,5,0.784700735174973,0.5746274137926437,-0.34156899585860867,1.9109704662085547,TRUE
heritage_Labor.Freedom,6,-1.5399837062581354,1.0881017919180695,-3.6726632184175516,0.5926958059012808,TRUE
heritage_Labor.Freedom,7,1.1801221234412533,1.1883920862023192,-1.1491263655152923,3.509370612397799,TRUE
heritage_Labor.Freedom,8,1.2781805855545705,0.9347099629649597,-0.5538509418567505,3.1102121129658915,TRUE
heritage_Labor.Freedom,9,2.4270632265878382,1.6363622558071624,-0.7802067947942,5.6343332479698764,TRUE
heritage_Labor.Freedom,10,0.5558099486411935,1.1638941592029168,-1.7254226033965234,2.8370425006789106,TRUE
heritage_Labor.Freedom,11,-1.1027710908658006,1.6388094955678196,-4.314837702178727,2.1092955204471258,TRUE
heritage_Labor.Freedom,12,-1.1111149207451916,1.272519506081682,-3.6052531526652887,1.3830233111749053,TRUE
heritage_Labor.Freedom,13,-1.118958406552982,2.119165341739357,-5.272522476362122,3.034605663256158,TRUE
heritage_Labor.Freedom,14,1.7407967755530998,5.522235452352365,-9.082784711057535,12.564378262163736,TRUE
heritage_Labor.Freedom,15,0.9327939755116459,0.9161024437675895,-0.8627668142728295,2.728354765296121,TRUE
heritage_Monetary.Freedom,-23,-5.159128460362007,0.8413222870229072,-6.808120142926906,-3.5101367777971086,FALSE
heritage_Monetary.Freedom,-22,2.9262800696539135,0.8998715125445969,1.1625319050665037,4.690028234241323,FALSE
heritage_Monetary.Freedom,-21,-9.665287957618037,0.43821020966502033,-10.524179968561477,-8.806395946674598,FALSE
heritage_Monetary.Freedom,-20,1.9940229573844188,0.7547720940683958,0.5146696530103629,3.4733762617584745,FALSE
heritage_Monetary.Freedom,-19,1.6725355860228974,0.8324639337280949,0.0409062759158314,3.3041648961299632,FALSE
heritage_Monetary.Freedom,-18,1.505790781514654,0.7565761340645774,0.02290155874808253,2.9886800042812256,FALSE
heritage_Monetary.Freedom,-17,-1.5273694879776445,2.777748582164175,-6.971756709019427,3.9170177330641387,TRUE
heritage_Monetary.Freedom,-16,5.853102101662588,7.505414106098904,-8.857509546291261,20.56371374961644,TRUE
heritage_Monetary.Freedom,-15,-2.9226319254783966,3.676800093106924,-10.129160107967968,4.283896257011174,TRUE
heritage_Monetary.Freedom,-14,-2.4050472940318954,1.4296506011988133,-5.207162472381569,0.3970678843177784,TRUE
heritage_Monetary.Freedom,-13,1.616679458459124,1.94606111231609,-2.1976003216804125,5.4309592385986605,TRUE
heritage_Monetary.Freedom,-12,-1.6699697346989668,1.873059737920824,-5.341166821023782,2.0012273516258485,TRUE
heritage_Monetary.Freedom,-11,-0.6890530596899505,2.080141986873531,-4.766131353962071,3.3880252345821704,TRUE
heritage_Monetary.Freedom,-10,-0.0013171350580030473,1.7743308332591474,-3.479005568245932,3.4763712981299255,TRUE
heritage_Monetary.Freedom,-9,1.0297445082957857,2.1477047191751875,-3.179756741287582,5.239245757879154,TRUE
heritage_Monetary.Freedom,-8,-2.6604661201609225,2.7605853492489216,-8.071213404688809,2.750281164366964,TRUE
heritage_Monetary.Freedom,-7,-0.2818955565761344,1.5108911182136318,-3.243242148274853,2.6794510351225838,TRUE
heritage_Monetary.Freedom,-6,1.5677408051726518,2.336430913927356,-3.0116637861249655,6.147145396470269,TRUE
heritage_Monetary.Freedom,-5,0.7322689388308661,2.3536149751099575,-3.880816412384651,5.345354290046383,TRUE
heritage_Monetary.Freedom,-4,-0.12126170478909272,2.320438537735267,-4.669321238750216,4.426797829172031,TRUE
heritage_Monetary.Freedom,-3,-1.3895564230517286,2.8583986060972983,-6.992017691002434,4.2129048448989765,TRUE
heritage_Monetary.Freedom,-2,0.6695605443230169,1.1812334650191532,-1.6456570471145233,2.9847781357605574,TRUE
heritage_Monetary.Freedom,-1,0.6623955068957347,1.0161866839803075,-1.3293303937056682,2.6541214074971373,TRUE
heritage_Monetary.Freedom,0,0.26665651052356326,0.7926948794889975,-1.287025453274872,1.8203384743219984,TRUE
heritage_Monetary.Freedom,1,-0.804176018353654,0.8770007305241938,-2.5230974501810737,0.9147454134737657,TRUE
heritage_Monetary.Freedom,2,-0.04142054037891614,0.7309463927618154,-1.4740754701920742,1.391234389434242,TRUE
heritage_Monetary.Freedom,3,0.14833235931847333,0.967388617637882,-1.7477493312517753,2.044414049888722,TRUE
heritage_Monetary.Freedom,4,0.25281356972131347,1.5173450046409027,-2.721182639374856,3.2268097788174828,TRUE
heritage_Monetary.Freedom,5,1.5824430486122547,1.4029629783896898,-1.1673643890315373,4.332250486256047,TRUE
heritage_Monetary.Freedom,6,0.7140985060505294,0.9057399061074589,-1.06115170992009,2.4893487220211488,TRUE
heritage_Monetary.Freedom,7,0.08814501001820088,1.173899386050052,-2.212697786639901,2.388987806676303,TRUE
heritage_Monetary.Freedom,8,0.8931169795125833,0.9294259422239438,-0.9285578672463466,2.7147918262715134,TRUE
heritage_Monetary.Freedom,9,0.3886634533667264,0.8641249024792378,-1.3050213554925796,2.0823482622260325,TRUE
heritage_Monetary.Freedom,10,-0.4685489724891409,1.0196544043240134,-2.467071604964207,1.5299736599859253,TRUE
heritage_Monetary.Freedom,11,0.03869145887102903,0.8826153160927709,-1.691234560670802,1.7686174784128599,TRUE
heritage_Monetary.Freedom,12,-1.3824465608704795,0.9655461126893694,-3.2749169417416435,0.5100238200006846,TRUE
heritage_Monetary.Freedom,13,-0.8190440271819148,1.151599242442975,-3.0761785423701458,1.4380904880063161,TRUE
heritage_Monetary.Freedom,14,0.5596523534197372,0.9655916319735853,-1.33290724524849,2.4522119520879646,TRUE
heritage_Monetary.Freedom,15,-0.6641047078826672,1.0113354447550642,-2.646322179602593,1.3181127638372587,TRUE
heritage_Monetary.Freedom,16,-1.0148664567485577,1.0007140073440164,-2.97626591114283,0.9465329976457144,TRUE
heritage_Monetary.Freedom,17,-1.138260051407389,0.9943851071029031,-3.087254861329079,0.810734758514301,TRUE
heritage_Monetary.Freedom,18,-0.7074266692628334,0.9291626345594798,-2.5285854329994137,1.1137320944737468,TRUE
heritage_Monetary.Freedom,19,0.11330843084391375,0.8919899622984193,-1.6349918952609879,1.8616087569488156,TRUE
heritage_Monetary.Freedom,20,0.035258801342543986,0.924271612717003,-1.776313559582782,1.8468311622678697,TRUE
heritage_Monetary.Freedom,21,0.33095281425544354,0.8642827757659242,-1.363041426245768,2.024947054756655,TRUE
heritage_Monetary.Freedom,22,-1.0100044704112423,1.2588429981032834,-3.4773367466936778,1.4573278058711931,TRUE
heritage_Monetary.Freedom,23,-0.9651515114729883,1.5283866884856352,-3.960789420904833,2.0304863979588568,TRUE
heritage_Monetary.Freedom,24,1.192756437295933,2.1333322744228345,-2.988574820572823,5.374087695164689,TRUE
heritage_Monetary.Freedom,25,-2.860594942098253,1.7141162031499002,-6.220262700272057,0.4990728160755511,TRUE
heritage_Trade.Freedom,-25,-0.3047726496430623,0.8863160876104834,-2.0419521813596098,1.4324068820734852,TRUE
heritage_Trade.Freedom,-24,5.703125461035112,1.6623063014329982,2.445005110226436,8.961245811843789,FALSE
heritage_Trade.Freedom,-23,-7.581583673462202,0.6172209228059047,-8.791336682161775,-6.371830664762628,FALSE
heritage_Trade.Freedom,-22,4.136330005377121,5.75596760132514,-7.145366493220153,15.418026503974396,TRUE
heritage_Trade.Freedom,-21,-1.967974278415105,3.145033049099508,-8.13223905465014,4.1962904978199305,TRUE
heritage_Trade.Freedom,-20,1.3770474991133987,1.1096709952084518,-0.7979076514951666,3.552002649721964,TRUE
heritage_Trade.Freedom,-19,-1.8764880383334337,0.81656546776388494,-3.476956355150648,-0.27601972151621923,FALSE
heritage_Trade.Freedom,-18,5.593496828452816,8.442193717882683,-10.953202858597242,22.140196515502872,TRUE
heritage_Trade.Freedom,-17,-5.1597506614511754,6.273305230479082,-17.455428913190175,7.1359275902878245,TRUE
heritage_Trade.Freedom,-16,-1.0891881216877661,3.3612498686634233,-7.677237864268076,5.498861620892544,TRUE
heritage_Trade.Freedom,-15,6.378886346570663,8.971885709889882,-11.206009644813506,23.963782337954832,TRUE
heritage_Trade.Freedom,-14,-6.727711603849871,4.212735082648123,-14.984672365840192,1.5292491581404501,TRUE
heritage_Trade.Freedom,-13,0.26662149304806465,2.8461253123071013,-5.311784119073854,5.845027105169983,TRUE
heritage_Trade.Freedom,-12,-0.012042979453022427,2.87434346965046,-5.645756179967925,5.621670221061879,TRUE
heritage_Trade.Freedom,-11,2.0614218548396526,2.346520588768816,-2.537758499147227,6.660602208826532,TRUE
heritage_Trade.Freedom,-10,-1.486090057857907,1.3709468570237238,-4.173145897624406,1.2009657819085915,TRUE
heritage_Trade.Freedom,-9,1.4311652824219445,1.247851189454155,-1.0146230489081995,3.8769536137520886,TRUE
heritage_Trade.Freedom,-8,0.10326252519814588,1.0939896033312182,-2.0409570973310416,2.2474821477273332,TRUE
heritage_Trade.Freedom,-7,-0.1882632513711099,1.1284153097065275,-2.3999572583959035,2.023430755653684,TRUE
heritage_Trade.Freedom,-6,-0.4278927611730821,0.8093994093973278,-2.014315603591845,1.1585300812456805,TRUE
heritage_Trade.Freedom,-5,0.8443276130504208,0.8180619773596586,-0.75907386257451,2.4477290886753518,TRUE
heritage_Trade.Freedom,-4,-0.7145184537749819,0.697878135222339,-2.082359598810766,0.6533226912608024,TRUE
heritage_Trade.Freedom,-3,-0.27625848665412095,0.965506153353681,-2.168650547227336,1.6161335739190938,TRUE
heritage_Trade.Freedom,-2,0.2623174232771526,0.9659506048502624,-1.6309457622293617,2.1555806087836666,TRUE
heritage_Trade.Freedom,-1,0.3993704319098476,0.43582722091114545,-0.4548509210759975,1.2535917848956928,TRUE
heritage_Trade.Freedom,0,-0.10218869331075797,0.4408429733019981,-0.9662409209826742,0.7618635343611583,TRUE
heritage_Trade.Freedom,1,0.22384458630436674,0.7597192070766344,-1.2652050595658366,1.7128942321745702,TRUE
heritage_Trade.Freedom,2,0.9458663291655383,0.5681775172895276,-0.1677616047219359,2.059494263053012,TRUE
heritage_Trade.Freedom,3,-0.0019877009777523645,0.555090233602618,-1.0899645588388838,1.0859891568833788,TRUE
heritage_Trade.Freedom,4,0.688803919706387,0.6488556257569137,-0.5829531067771637,1.9605609461899376,TRUE
heritage_Trade.Freedom,5,0.8332461192168629,0.7730084773511836,-0.681850496391457,2.3483427348251826,TRUE
heritage_Trade.Freedom,6,0.1916871408596112,0.8680619464527325,-1.5097142741877445,1.893088555906967,TRUE
heritage_Trade.Freedom,7,-0.032739720849533804,0.8190238948374393,-1.638026554730915,1.5725471130318471,TRUE
heritage_Trade.Freedom,8,0.8057247214989341,0.7850946649149936,-0.7330608217344533,2.3445102647323215,TRUE
heritage_Trade.Freedom,9,0.7316509683804584,0.8862071978932453,-1.0053151394903024,2.468617076251219,TRUE
heritage_Trade.Freedom,10,0.5254050055396001,0.8969872762130016,-1.232690055837883,2.283500066917083,TRUE
heritage_Trade.Freedom,11,0.4448512851503727,0.9060679458339955,-1.3310418886842585,2.220744458985004,TRUE
heritage_Trade.Freedom,12,0.399780565800448,1.1396098126745116,-1.8338546670415945,2.6334157986424906,TRUE
heritage_Trade.Freedom,13,-0.4873945981285021,1.2770171551609537,-2.9903482222439712,2.0155590259869673,TRUE
heritage_Trade.Freedom,14,1.4977625773366998,1.242278350934221,-0.9371029904943733,3.932628145167773,TRUE
heritage_Trade.Freedom,15,0.6601140608518593,0.9618882341398757,-1.225186878062297,2.545414999766016,TRUE
heritage_Trade.Freedom,16,0.16156472243470144,1.1674785970524262,-2.126693327788054,2.4498227726574564,TRUE
heritage_Trade.Freedom,17,0.42013355819266457,1.0391356270754823,-1.6165722708752808,2.45683938726061,TRUE
heritage_Trade.Freedom,18,1.1865007498375324,1.2691869707008785,-1.3011057127361896,3.674107212411254,TRUE
heritage_Trade.Freedom,19,0.7826062836177051,1.321464011642182,-1.8074631792009717,3.372675746436382,TRUE
heritage_Trade.Freedom,20,0.7840384039292019,1.4323281182742846,-2.023324707888396,3.5914015157467998,TRUE
heritage_Trade.Freedom,21,0.11326986004423747,1.3240152100242413,-2.4817999516032754,2.7083396716917503,TRUE
heritage_Trade.Freedom,22,0.3766074350856946,1.7825095025893545,-3.11711118998944,3.870326060160829,TRUE
heritage_Trade.Freedom,23,2.0141652523259084,1.3297312822608602,-0.5921080609053777,4.620438565557194,TRUE
heritage_Trade.Freedom,24,-0.24722111864978302,1.5737405383126184,-3.331752573742515,2.837310336442949,TRUE
heritage_Trade.Freedom,25,-0.9265808388014368,1.6248881420773822,-4.111361597273106,2.2581999196702323,TRUE
heritage_Investment.Freedom,-23,0.04122613508039658,1.3840219549972008,-2.671456896714117,2.75390916687491,TRUE
heritage_Investment.Freedom,-22,-6.609149658668564,5.2292737044018835,-16.858526119296258,3.6402268019591286,TRUE
heritage_Investment.Freedom,-21,4.2356765641284415,3.797161983572354,-3.2067609236733716,11.678114051930255,TRUE
heritage_Investment.Freedom,-20,1.3187522246975614,1.4975651940251482,-1.616475555591729,4.253980004986852,TRUE
heritage_Investment.Freedom,-19,-1.9769548779121002,1.2363973467701845,-4.4002936775816615,0.4463839217574612,TRUE
heritage_Investment.Freedom,-18,0.4028417659607263,0.9616236852594692,-1.4819406571478333,2.2876241890692857,TRUE
heritage_Investment.Freedom,-17,1.0026730972678985,3.3723640746403603,-5.6071604890272075,7.612506683563004,TRUE
heritage_Investment.Freedom,-16,-1.4635463235526396,2.2424403305622707,-5.85872937145469,2.931636724349411,TRUE
heritage_Investment.Freedom,-15,0.4116563099912087,1.0836951413739742,-1.7123861671017806,2.535698787084198,TRUE
heritage_Investment.Freedom,-14,-0.20843709631063817,0.9489439729973894,-2.0683672833855216,1.651493090764245,TRUE
heritage_Investment.Freedom,-13,-1.06811084308399,0.8966304072797296,-2.8255064413522604,0.68928475518428,TRUE
heritage_Investment.Freedom,-12,0.4335460290686076,0.7757476845811001,-1.0869194327103484,1.9540114908475639,TRUE
heritage_Investment.Freedom,-11,0.02923425674020071,1.5384927492448,-2.986211531779607,3.0446800452600087,TRUE
heritage_Investment.Freedom,-10,-0.04711757991768236,0.8935492715999478,-1.79847415225358,1.7042389924182153,TRUE
heritage_Investment.Freedom,-9,-1.1567505682690584,0.6471878150100683,-2.425238685688792,0.11173754915067535,TRUE
heritage_Investment.Freedom,-8,0.6764279071636201,0.7254722510112451,-0.7454977048184204,2.0983535191456606,TRUE
heritage_Investment.Freedom,-7,0.18282955624598501,0.5329298201763151,-0.8617128912995926,1.2273720037915625,TRUE
heritage_Investment.Freedom,-6,0.5112172236575335,0.664900615691233,-0.7919879830972832,1.8144224304123502,TRUE
heritage_Investment.Freedom,-5,-0.8673389183235194,0.7813851167197431,-2.3988537470942157,0.6641759104471769,TRUE
heritage_Investment.Freedom,-4,-0.08399982974043942,0.511381085143006,-1.086306756620731,0.9183070971398521,TRUE
heritage_Investment.Freedom,-3,0.12376128943675299,0.43344194949739195,-0.7257849315781352,0.9733075104516412,TRUE
heritage_Investment.Freedom,-2,0.10368565346615471,0.5990751727976068,-1.0705016852171545,1.277872992149464,TRUE
heritage_Investment.Freedom,-1,-0.2113761093978643,0.5459439004764303,-1.2814261543316676,0.858673935535939,TRUE
heritage_Investment.Freedom,0,-0.24180881111450056,0.37712416996877024,-0.9809721842532902,0.49735456202428907,TRUE
heritage_Investment.Freedom,1,0.25082843429391755,0.43650430363054843,-0.6047200008219573,1.1063768694097924,TRUE
heritage_Investment.Freedom,2,-0.5282277857558769,0.33351120974754006,-1.1819097568610555,0.12545418534930164,TRUE
heritage_Investment.Freedom,3,-1.0405902221132461,0.5008353047743384,-2.0222274194709495,-0.05895302475554298,FALSE
heritage_Investment.Freedom,4,-1.593882986080819,0.5465371535214842,-2.665095806982928,-0.52267016517871,FALSE
heritage_Investment.Freedom,5,-1.0548130336497925,0.7957518316908251,-2.61448662376381,0.5048605564642246,TRUE
heritage_Investment.Freedom,6,0.6807943356843553,0.6886116329316571,-0.6688844648616925,2.030473136230403,TRUE
heritage_Investment.Freedom,7,-0.7970444876724615,0.5966782145218381,-1.9665337881352642,0.37244481279034114,TRUE
heritage_Investment.Freedom,8,-0.2059076713174839,0.8338148623490935,-1.8401848015217073,1.4283694588867395,TRUE
heritage_Investment.Freedom,9,0.25949716350519225,0.65480368840161,-1.023918065761963,1.5429123927723478,TRUE
heritage_Investment.Freedom,10,-1.6233232478629573,0.9340375900819895,-3.4540369244236566,0.20739042869774194,TRUE
heritage_Investment.Freedom,11,-0.29576909628749987,0.669708088558705,-1.6083969498625617,1.0168587572875618,TRUE
heritage_Investment.Freedom,12,0.014309532444468226,0.8805203813896904,-1.7115104150793248,1.7401294799682612,TRUE
heritage_Investment.Freedom,13,-0.8579680573217058,0.8236641757267492,-2.472349841746134,0.7564137271027226,TRUE
heritage_Investment.Freedom,14,-0.005500335340239113,1.1183551546900108,-2.1974764385326604,2.186475767852182,TRUE
heritage_Investment.Freedom,15,-0.040745624058059135,0.9022341858707602,-1.809124628364749,1.727633380248631,TRUE
heritage_Investment.Freedom,16,-0.47134424460777746,0.9110667608111641,-2.2570350957976593,1.3143466065821041,TRUE
heritage_Investment.Freedom,17,0.05272942626140118,1.0188504836991124,-1.944217521788859,2.0496763743116615,TRUE
heritage_Investment.Freedom,18,-1.2272359499781136,1.1519044099911955,-3.4849685935608568,1.0304966936046294,TRUE
heritage_Investment.Freedom,19,0.3918702293173298,0.9946569784843932,-1.5576574485120809,2.3413979071467406,TRUE
heritage_Investment.Freedom,20,1.0888689683358561,0.8661324140835209,-0.6087505632678449,2.786488499939557,TRUE
heritage_Investment.Freedom,21,0.03322433828631994,1.249327120445136,-2.4154568177861466,2.4819054943587866,TRUE
heritage_Investment.Freedom,22,0.9775218526222067,1.50714662482501,-1.9764855320348131,3.9315292372792268,TRUE
heritage_Investment.Freedom,23,1.7739558209484847,1.4105189790501746,-0.9906613779898574,4.538573019886827,TRUE
heritage_Investment.Freedom,24,-0.20810360915652093,2.1344315764797903,-4.39158949905691,3.975382280743868,TRUE
heritage_Investment.Freedom,25,-1.3632618934804914,1.9810288329471297,-5.246078406056865,2.519554619095883,TRUE
heritage_Financial.Freedom,-24,-1.7632824240417624,1.8203965828753867,-5.331259726477521,1.8046948783939958,TRUE
heritage_Financial.Freedom,-23,2.7523641237713345,1.5043694065833104,-0.19619991313195362,5.700928160674623,TRUE
heritage_Financial.Freedom,-22,-1.746525398405888,0.9095192371369092,-3.52918310319423,0.03613230638245413,TRUE
heritage_Financial.Freedom,-21,0.16807919092571033,1.3219260074937726,-2.4228957837620837,2.7590541656135046,TRUE
heritage_Financial.Freedom,-20,2.478279401665991,1.2420556177849353,0.0438503908075174,4.912708412524465,FALSE
heritage_Financial.Freedom,-19,-0.709689440386525,1.0319047609697805,-2.7322227718872947,1.3128438911142446,TRUE
heritage_Financial.Freedom,-18,0.3828332528230255,2.458257289746146,-4.43535103507942,5.201017540725471,TRUE
heritage_Financial.Freedom,-17,-0.33625444834774487,2.3176134772352937,-4.878776863728921,4.206267967033431,TRUE
heritage_Financial.Freedom,-16,2.7558245059726794,5.073115080357379,-7.187481051527783,12.699130063473142,TRUE
heritage_Financial.Freedom,-15,-0.921533370117966,2.8810149336209583,-6.568322640015044,4.725255899779112,TRUE
heritage_Financial.Freedom,-14,-0.4162598049773917,2.4938136170434024,-5.304134494382461,4.4716148844276775,TRUE
heritage_Financial.Freedom,-13,1.4597133805679805,2.7766478780949577,-3.982516460498137,6.901943221634098,TRUE
heritage_Financial.Freedom,-12,-0.9789714393500869,1.4508386537401932,-3.8226152006808656,1.8646723219806915,TRUE
heritage_Financial.Freedom,-11,0.10010180551098045,0.6499400849210163,-1.1737807609342115,1.3739843719561722,TRUE
heritage_Financial.Freedom,-10,-0.9433770468293015,0.9442586668800586,-2.7941240339142164,0.9073699402556132,TRUE
heritage_Financial.Freedom,-9,0.21173047574229636,0.9165537288183313,-1.584714832741633,2.008175784226226,TRUE
heritage_Financial.Freedom,-8,-0.469986126635353,0.8907962909984625,-2.2159468569923395,1.2759746037216333,TRUE
heritage_Financial.Freedom,-7,0.11486232191820668,0.972650555298416,-1.7915327664666887,2.021257410303102,TRUE
heritage_Financial.Freedom,-6,0.7673284267045376,0.9178709395150219,-1.0316986147449052,2.56635546815398,TRUE
heritage_Financial.Freedom,-5,-1.0501382921760394,1.2568946843213002,-3.513651873445788,1.4133752890937092,TRUE
heritage_Financial.Freedom,-4,0.4634942949672109,0.5165417238534934,-0.5489274837856362,1.475916073720058,TRUE
heritage_Financial.Freedom,-3,-0.1833050479828918,0.5345681289237685,-1.231058580673478,0.8644484847076944,TRUE
heritage_Financial.Freedom,-2,0.6527213751364841,0.5435311648916306,-0.4125997080511118,1.71804245832408,TRUE
heritage_Financial.Freedom,-1,-0.3251094684368923,0.46213856375056217,-1.230901053387994,0.5806821165142095,TRUE
heritage_Financial.Freedom,0,-0.48040803311439234,0.4048106657514787,-1.2738369379872907,0.31302087175850596,TRUE
heritage_Financial.Freedom,1,-0.5927573350246127,0.47953519423524293,-1.5326463157256889,0.3471316456764635,TRUE
heritage_Financial.Freedom,2,-0.15697715655869476,0.5708193484576394,-1.275783079535668,0.9618287664182783,TRUE
heritage_Financial.Freedom,3,-0.5957808702378791,0.6011683838993723,-1.7740709026806487,0.5825091622048906,TRUE
heritage_Financial.Freedom,4,-0.6084009788687461,0.4748301182408143,-1.539068010620742,0.32226605288324983,TRUE
heritage_Financial.Freedom,5,-1.1520308431894675,1.064099918467578,-3.2376666833859202,0.9336049970069853,TRUE
heritage_Financial.Freedom,6,-0.193129037264504,0.8416422919444208,-1.8427479294755686,1.4564898549465606,TRUE
heritage_Financial.Freedom,7,-1.5780017088990477,0.7388910573377457,-3.026228181281029,-0.12977523651706613,FALSE
heritage_Financial.Freedom,8,-0.8685791072260913,0.6822539685338486,-2.2057968855524344,0.4686386711002519,TRUE
heritage_Financial.Freedom,9,-0.9056192791176209,0.6246348636459794,-2.1299036118637407,0.31866505362849884,TRUE
heritage_Financial.Freedom,10,-1.0101481720126775,0.6464400397143463,-2.2771706498527964,0.2568743058274412,TRUE
heritage_Financial.Freedom,11,-0.3630872931986792,0.597483607720061,-1.5341551643299989,0.8079805779326403,TRUE
heritage_Financial.Freedom,12,-0.8195187809789415,0.7138198206636355,-2.2186056294796668,0.579568067521784,TRUE
heritage_Financial.Freedom,13,-0.08283886679609384,0.7493259415289788,-1.5515177121928923,1.3858399786007047,TRUE
heritage_Financial.Freedom,14,-0.033753907961262035,0.9081840608118069,-1.8137946671524037,1.7462868512298795,TRUE
heritage_Financial.Freedom,15,-0.353659737784679,0.6012479247109508,-1.5321056702181426,0.8247861946487844,TRUE
heritage_Financial.Freedom,16,-0.9154391005169057,0.6958687867961094,-2.27934192263728,0.4484637216034687,TRUE
heritage_Financial.Freedom,17,-0.0716025077382426,0.8484555447811651,-1.734575375509326,1.591370360032841,TRUE
heritage_Financial.Freedom,18,-0.25988854268331046,0.9609589207788138,-2.1433680274097857,1.6235909420431647,TRUE
heritage_Financial.Freedom,19,0.1633497586379593,1.2247666252585794,-2.2371928268688563,2.563892344144775,TRUE
heritage_Financial.Freedom,20,-0.33587229981740624,1.0847017324867145,-2.4618876954913667,1.7901430958565543,TRUE
heritage_Financial.Freedom,21,0.8098611252939364,1.4589506607597575,-2.0496821697951884,3.669404420383061,TRUE
heritage_Financial.Freedom,22,0.908963369301877,1.1013011916273154,-1.2495869662876613,3.0675137048914154,TRUE
heritage_Financial.Freedom,23,3.645201188560006,1.9606136797113822,-0.197601623674303,7.488004000794315,TRUE
heritage_Financial.Freedom,24,1.5854892087229115,1.5207074353093712,-1.395097364483456,4.566075781929279,TRUE
heritage_Financial.Freedom,25,0.23361327177539387,1.2702476726295406,-2.2560721665785057,2.7232987101292934,TRUE
