component,outcome,outcome_col,p_value
fraser_SizeGov,GDP_per_capita_growth,GDP_per_capita_growth,0.3272050057339112
fraser_SizeGov,Gini_index,SI.POV.GINI,0.0522390563187089
fraser_SizeGov,Income_share_bottom20,SI.DST.FRST.20,0.18564208775192861
fraser_SizeGov,Poverty_headcount_LMIC_3.65,SI.POV.LMIC,0.9174600034526559
fraser_LegalSystem,GDP_per_capita_growth,GDP_per_capita_growth,0.17533483970831656
fraser_LegalSystem,Gini_index,SI.POV.GINI,0.9680095151212835
fraser_LegalSystem,Income_share_bottom20,SI.DST.FRST.20,0.9945566986203371
fraser_LegalSystem,Poverty_headcount_LMIC_3.65,SI.POV.LMIC,8.701621723258447e-4
fraser_SoundMoney,GDP_per_capita_growth,GDP_per_capita_growth,0.627271587045331
fraser_SoundMoney,Gini_index,SI.POV.GINI,0.7693168510803038
fraser_SoundMoney,Income_share_bottom20,SI.DST.FRST.20,0.6648275298818271
fraser_SoundMoney,Poverty_headcount_LMIC_3.65,SI.POV.LMIC,0.004449049893321837
fraser_FreeTrade,GDP_per_capita_growth,GDP_per_capita_growth,0.4513308455655104
fraser_FreeTrade,Gini_index,SI.POV.GINI,0.2239683202047731
fraser_FreeTrade,Income_share_bottom20,SI.DST.FRST.20,0.3096129302879332
fraser_FreeTrade,Poverty_headcount_LMIC_3.65,SI.POV.LMIC,0.003125644495650057
fraser_Regulation,GDP_per_capita_growth,GDP_per_capita_growth,0.002954614710736114
fraser_Regulation,Gini_index,SI.POV.GINI,0.21425815520337102
fraser_Regulation,Income_share_bottom20,SI.DST.FRST.20,0.17563353073335547
fraser_Regulation,Poverty_headcount_LMIC_3.65,SI.POV.LMIC,0.027417906609525793
heritage_Property.Rights,GDP_per_capita_growth,GDP_per_capita_growth,0.00302743629131968
heritage_Property.Rights,Gini_index,SI.POV.GINI,0.0395843738387379
heritage_Property.Rights,Income_share_bottom20,SI.DST.FRST.20,0.05018496669893399
heritage_Property.Rights,Poverty_headcount_LMIC_3.65,SI.POV.LMIC,0.9287041278168882
heritage_Government.Integrity,GDP_per_capita_growth,GDP_per_capita_growth,0.22772707680927937
heritage_Government.Integrity,Gini_index,SI.POV.GINI,0.5020797157507961
heritage_Government.Integrity,Income_share_bottom20,SI.DST.FRST.20,0.3300304876665239
heritage_Government.Integrity,Poverty_headcount_LMIC_3.65,SI.POV.LMIC,0.19150646313085146
heritage_Judicial.Effectiveness,GDP_per_capita_growth,GDP_per_capita_growth,0.3019196365264954
heritage_Judicial.Effectiveness,Gini_index,SI.POV.GINI,0.3507690344544445
heritage_Judicial.Effectiveness,Income_share_bottom20,SI.DST.FRST.20,0.2572028500913525
heritage_Judicial.Effectiveness,Poverty_headcount_LMIC_3.65,SI.POV.LMIC,0.11829041648025605
heritage_Tax.Burden,GDP_per_capita_growth,GDP_per_capita_growth,0.8983796022763417
heritage_Tax.Burden,Gini_index,SI.POV.GINI,0.007188076021708934
heritage_Tax.Burden,Income_share_bottom20,SI.DST.FRST.20,0.050159857531159736
heritage_Tax.Burden,Poverty_headcount_LMIC_3.65,SI.POV.LMIC,0.1338896415188102
heritage_Government.Spending,GDP_per_capita_growth,GDP_per_capita_growth,0.7237311031927443
heritage_Government.Spending,Gini_index,SI.POV.GINI,0.3067641272410319
heritage_Government.Spending,Income_share_bottom20,SI.DST.FRST.20,0.43348856921422174
heritage_Government.Spending,Poverty_headcount_LMIC_3.65,SI.POV.LMIC,0.09045283971637173
heritage_Fiscal.Health,GDP_per_capita_growth,GDP_per_capita_growth,0.014050426396090353
heritage_Fiscal.Health,Gini_index,SI.POV.GINI,0.7935848421150422
heritage_Fiscal.Health,Income_share_bottom20,SI.DST.FRST.20,0.8247585624421536
heritage_Fiscal.Health,Poverty_headcount_LMIC_3.65,SI.POV.LMIC,0.9979928449818677
heritage_Business.Freedom,GDP_per_capita_growth,GDP_per_capita_growth,0.07785862147228965
heritage_Business.Freedom,Gini_index,SI.POV.GINI,0.1378190416981031
heritage_Business.Freedom,Income_share_bottom20,SI.DST.FRST.20,0.09122174375379781
heritage_Business.Freedom,Poverty_headcount_LMIC_3.65,SI.POV.LMIC,0.07495568747072785
heritage_Labor.Freedom,GDP_per_capita_growth,GDP_per_capita_growth,0.1544460930389022
heritage_Labor.Freedom,Gini_index,SI.POV.GINI,0.7205380258549897
heritage_Labor.Freedom,Income_share_bottom20,SI.DST.FRST.20,0.4927114157990813
heritage_Labor.Freedom,Poverty_headcount_LMIC_3.65,SI.POV.LMIC,0.6784297769576078
heritage_Monetary.Freedom,GDP_per_capita_growth,GDP_per_capita_growth,0.7480806031049696
heritage_Monetary.Freedom,Gini_index,SI.POV.GINI,0.6262336954521631
heritage_Monetary.Freedom,Income_share_bottom20,SI.DST.FRST.20,0.8277623705749351
heritage_Monetary.Freedom,Poverty_headcount_LMIC_3.65,SI.POV.LMIC,0.019955431035007666
heritage_Trade.Freedom,GDP_per_capita_growth,GDP_per_capita_growth,0.9323022854982396
heritage_Trade.Freedom,Gini_index,SI.POV.GINI,0.9873238619338504
heritage_Trade.Freedom,Income_share_bottom20,SI.DST.FRST.20,0.5909261231930806
heritage_Trade.Freedom,Poverty_headcount_LMIC_3.65,SI.POV.LMIC,0.10144646924064482
heritage_Investment.Freedom,GDP_per_capita_growth,GDP_per_capita_growth,0.4456063687093519
heritage_Investment.Freedom,Gini_index,SI.POV.GINI,0.03637426912884085
heritage_Investment.Freedom,Income_share_bottom20,SI.DST.FRST.20,0.03153082919205382
heritage_Investment.Freedom,Poverty_headcount_LMIC_3.65,SI.POV.LMIC,3.784862021634334e-4
heritage_Financial.Freedom,GDP_per_capita_growth,GDP_per_capita_growth,0.007498647217868584
heritage_Financial.Freedom,Gini_index,SI.POV.GINI,0.0324898189549248
heritage_Financial.Freedom,Income_share_bottom20,SI.DST.FRST.20,0.01483992475299619
heritage_Financial.Freedom,Poverty_headcount_LMIC_3.65,SI.POV.LMIC,0.7699108047579267
