sd_mult_shock,component,outcome,outcome_col,att,se,p_value_raw,fdr_bh,reject_bh_05
1,fraser_SizeGov,GDP_per_capita_growth,GDP_per_capita_growth,0.9066449628888794,0.5315966354526748,0.08809879320111774,0.5590670277560167,FALSE
1,fraser_SizeGov,Gini_SWIID,Gini_SWIID,-0.5409049859422144,0.533568714837081,0.31070232630564537,0.7107076231261156,FALSE
1,fraser_SizeGov,Income_share_bottom50_WID,Income_share_bottom50_WID,0.7643271437850393,0.22746223597080173,7.787548492694844e-4,0.05295532975032493,FALSE
1,fraser_SizeGov,log_under5_mort,log_under5_mort,0.00211605673850247,0.04051279855279272,0.9583439879462418,0.9952669948172184,FALSE
1,fraser_LegalSystem,GDP_per_capita_growth,GDP_per_capita_growth,0.03646870697161547,0.9327378016088932,0.9688118072761096,0.9952669948172184,FALSE
1,fraser_LegalSystem,Gini_SWIID,Gini_SWIID,0.4810111667543675,0.8451404326062806,0.5692547588976357,0.8681030442952619,FALSE
1,fraser_LegalSystem,Income_share_bottom50_WID,Income_share_bottom50_WID,0.308063446615497,0.27676755095693334,0.26567559153668313,0.6948438547882482,FALSE
1,fraser_LegalSystem,log_under5_mort,log_under5_mort,-0.09441657015107108,0.04399652420799496,0.03187292574359457,0.4158041497975403,FALSE
1,fraser_SoundMoney,GDP_per_capita_growth,GDP_per_capita_growth,0.09204324175330623,0.662198295664434,0.8894529191522711,0.9952669948172184,FALSE
1,fraser_SoundMoney,Gini_SWIID,Gini_SWIID,-0.3547889702060491,0.5692821005813264,0.5331388301165669,0.8631771535220607,FALSE
1,fraser_SoundMoney,Income_share_bottom50_WID,Income_share_bottom50_WID,0.5248379494557712,0.2512132954950532,0.03668860145272414,0.4158041497975403,FALSE
1,fraser_SoundMoney,log_under5_mort,log_under5_mort,-0.01496386957228159,0.04180989480853877,0.7204162136102286,0.8997727093132117,FALSE
1,fraser_FreeTrade,GDP_per_capita_growth,GDP_per_capita_growth,0.8729224263252388,0.7444396563679002,0.2409602993856497,0.6948438547882482,FALSE
1,fraser_FreeTrade,Gini_SWIID,Gini_SWIID,-0.9104326012518064,0.5952013875725246,0.12611054352816098,0.5717011306609964,FALSE
1,fraser_FreeTrade,Income_share_bottom50_WID,Income_share_bottom50_WID,-0.19684082382567572,0.2572188580712968,0.4441132184623383,0.7930282110152692,FALSE
1,fraser_FreeTrade,log_under5_mort,log_under5_mort,-7.535387955160853e-4,0.03817054884941889,0.9842496914817273,0.9952669948172184,FALSE
1,fraser_Regulation,GDP_per_capita_growth,GDP_per_capita_growth,1.1021823297800384,0.8169230512327278,0.1772767642301303,0.6434143689004017,FALSE
1,fraser_Regulation,Gini_SWIID,Gini_SWIID,0.7727077215521285,0.6012073924285012,0.19870149627806524,0.6434143689004017,FALSE
1,fraser_Regulation,Income_share_bottom50_WID,Income_share_bottom50_WID,0.5574587023356122,0.30003128563637155,0.063168742806823025,0.5369343138579957,FALSE
1,fraser_Regulation,log_under5_mort,log_under5_mort,3.050021982179003e-4,0.05141661763704363,0.9952669948172184,0.9952669948172184,FALSE
1,heritage_Property.Rights,GDP_per_capita_growth,GDP_per_capita_growth,0.15258823001350025,0.6960037907501825,0.8264671727770664,0.9859608376989564,FALSE
1,heritage_Property.Rights,Gini_SWIID,Gini_SWIID,-0.9773313112279342,0.5446293064427536,0.07273514935135003,0.5495544617657557,FALSE
1,heritage_Property.Rights,Income_share_bottom50_WID,Income_share_bottom50_WID,0.2305976923076923,0.3829112363922176,0.5470261617359196,0.8650646278614541,FALSE
1,heritage_Property.Rights,log_under5_mort,log_under5_mort,-0.09536367478865378,0.05938534395842865,0.10830790716326628,0.5590670277560167,FALSE
1,heritage_Government.Integrity,GDP_per_capita_growth,GDP_per_capita_growth,0.10015117836165235,0.8243537524631073,0.9033025112012424,0.9952669948172184,FALSE
1,heritage_Government.Integrity,Gini_SWIID,Gini_SWIID,-0.02797040025048822,0.496929916046027,0.9551136461153612,0.9952669948172184,FALSE
1,heritage_Government.Integrity,Income_share_bottom50_WID,Income_share_bottom50_WID,0.3947855848407867,0.3651036444174082,0.2795648881905376,0.704089348035428,FALSE
1,heritage_Government.Integrity,log_under5_mort,log_under5_mort,-0.12700474614269663,0.05927647288428542,0.03214662041692586,0.4158041497975403,FALSE
1,heritage_Judicial.Effectiveness,GDP_per_capita_growth,GDP_per_capita_growth,-0.6719713351413276,0.600018141560792,0.26274855213296305,0.6948438547882482,FALSE
1,heritage_Judicial.Effectiveness,Gini_SWIID,Gini_SWIID,1.3090304466657103,0.8307773992858859,0.11510203512623872,0.5590670277560167,FALSE
1,heritage_Judicial.Effectiveness,Income_share_bottom50_WID,Income_share_bottom50_WID,0.11560091176939012,0.08785251721783009,0.18822371716267963,0.6434143689004017,FALSE
1,heritage_Judicial.Effectiveness,log_under5_mort,log_under5_mort,0.01269916545131279,0.01478989271390997,0.39054020836876174,0.7369239339351253,FALSE
1,heritage_Tax.Burden,GDP_per_capita_growth,GDP_per_capita_growth,-1.1515044516979176,0.3941954341597027,0.00348740572057055,0.11857179449939882,FALSE
1,heritage_Tax.Burden,Gini_SWIID,Gini_SWIID,1.008129714528871,0.6029126495078074,0.09450477687891838,0.5590670277560167,FALSE
1,heritage_Tax.Burden,Income_share_bottom50_WID,Income_share_bottom50_WID,-0.05728849443338491,0.30229515057111417,0.849691717155739,0.9952669948172184,FALSE
1,heritage_Tax.Burden,log_under5_mort,log_under5_mort,-0.03682245678755877,0.069640939252961,0.5969807783121566,0.8681030442952619,FALSE
1,heritage_Government.Spending,GDP_per_capita_growth,GDP_per_capita_growth,-0.2123636213816347,0.435125395528936,0.6255133316086776,0.8681030442952619,FALSE
1,heritage_Government.Spending,Gini_SWIID,Gini_SWIID,0.2470123229361752,0.6802519173764984,0.7165160721979694,0.8997727093132117,FALSE
1,heritage_Government.Spending,Income_share_bottom50_WID,Income_share_bottom50_WID,0.23886014364935665,0.27673985905899096,0.3880706256011542,0.7369239339351253,FALSE
1,heritage_Government.Spending,log_under5_mort,log_under5_mort,0.04232402123972473,0.08672829709961828,0.625544840742174,0.8681030442952619,FALSE
1,heritage_Fiscal.Health,GDP_per_capita_growth,GDP_per_capita_growth,-0.4553069404120741,0.39388919880842704,0.2477112456154063,0.6948438547882482,FALSE
1,heritage_Fiscal.Health,Gini_SWIID,Gini_SWIID,0.2500509037092678,0.4797709318461388,0.6022357383299244,0.8681030442952619,FALSE
1,heritage_Fiscal.Health,Income_share_bottom50_WID,Income_share_bottom50_WID,0.04885797691396226,0.11695698940663056,0.6761349466481823,0.8997727093132117,FALSE
1,heritage_Fiscal.Health,log_under5_mort,log_under5_mort,-4.437883938395432e-4,0.0174459842428378,0.979705718026871,0.9952669948172184,FALSE
1,heritage_Business.Freedom,GDP_per_capita_growth,GDP_per_capita_growth,-0.24893674826808332,0.6866630189651625,0.7169551344558567,0.8997727093132117,FALSE
1,heritage_Business.Freedom,Gini_SWIID,Gini_SWIID,0.6812839414480922,0.7378784931708341,0.3558503733840435,0.711700746768087,FALSE
1,heritage_Business.Freedom,Income_share_bottom50_WID,Income_share_bottom50_WID,0.49057588169806954,0.3765550517178043,0.1926430867626466,0.6434143689004017,FALSE
1,heritage_Business.Freedom,log_under5_mort,log_under5_mort,-0.11339535411052476,0.06935671212751549,0.10205772318615464,0.5590670277560167,FALSE
1,heritage_Labor.Freedom,GDP_per_capita_growth,GDP_per_capita_growth,0.2079226341569181,0.6545909481850972,0.7507599231133566,0.91163704949479,FALSE
1,heritage_Labor.Freedom,Gini_SWIID,Gini_SWIID,0.7679539401410759,0.5654130823659893,0.17439468095161326,0.6434143689004017,FALSE
1,heritage_Labor.Freedom,Income_share_bottom50_WID,Income_share_bottom50_WID,0.11722673745173746,0.15684704347240308,0.4548250033764044,0.7930282110152692,FALSE
1,heritage_Labor.Freedom,log_under5_mort,log_under5_mort,-0.02427132595055873,0.02582792464112287,0.3473550729929603,0.711700746768087,FALSE
1,heritage_Monetary.Freedom,GDP_per_capita_growth,GDP_per_capita_growth,0.20962056578294336,0.6021670633800835,0.7277573384150977,0.8997727093132117,FALSE
1,heritage_Monetary.Freedom,Gini_SWIID,Gini_SWIID,-0.6468705387375624,0.6558735791450319,0.32399906348396446,0.7107076231261156,FALSE
1,heritage_Monetary.Freedom,Income_share_bottom50_WID,Income_share_bottom50_WID,0.7230285630107884,0.29651802330973165,0.01475257535523212,0.33439170805192825,FALSE
1,heritage_Monetary.Freedom,log_under5_mort,log_under5_mort,-0.02850107779210495,0.07303539611687289,0.6963616693926431,0.8997727093132117,FALSE
1,heritage_Trade.Freedom,GDP_per_capita_growth,GDP_per_capita_growth,0.035229922147087,0.5806708501557213,0.951621171537737,0.9952669948172184,FALSE
1,heritage_Trade.Freedom,Gini_SWIID,Gini_SWIID,-0.7409497220370499,0.7164163685292557,0.3010218538229411,0.7107076231261156,FALSE
1,heritage_Trade.Freedom,Income_share_bottom50_WID,Income_share_bottom50_WID,0.14484034042491728,0.25921498825127115,0.5763219078338672,0.8681030442952619,FALSE
1,heritage_Trade.Freedom,log_under5_mort,log_under5_mort,-0.09535089344444654,0.06977065555703646,0.17174030915815935,0.6434143689004017,FALSE
1,heritage_Investment.Freedom,GDP_per_capita_growth,GDP_per_capita_growth,-0.4017378351153776,0.4783252677570977,0.4009733169941123,0.7369239339351253,FALSE
1,heritage_Investment.Freedom,Gini_SWIID,Gini_SWIID,0.43878521929075653,0.6812628158041351,0.5195259716723457,0.8616528310663294,FALSE
1,heritage_Investment.Freedom,Income_share_bottom50_WID,Income_share_bottom50_WID,0.5745754867331473,0.28614849630558786,0.04464726310341978,0.4337162701475064,FALSE
1,heritage_Investment.Freedom,log_under5_mort,log_under5_mort,0.05924936459200145,0.08207702315624467,0.4703712317635725,0.7996310939980732,FALSE
1,heritage_Financial.Freedom,GDP_per_capita_growth,GDP_per_capita_growth,-0.496165064713135,0.4978640221251001,0.3189647723634753,0.7107076231261156,FALSE
1,heritage_Financial.Freedom,Gini_SWIID,Gini_SWIID,0.6823591173831262,0.5836271344659364,0.24233529696127296,0.6948438547882482,FALSE
1,heritage_Financial.Freedom,Income_share_bottom50_WID,Income_share_bottom50_WID,0.27562372244077504,0.2940088717321637,0.3485182029319539,0.711700746768087,FALSE
1,heritage_Financial.Freedom,log_under5_mort,log_under5_mort,-0.00246124970683744,0.05139670004035847,0.961806052956576,0.9952669948172184,FALSE
