sd_mult_shock,policy_component,ISO3,first_treat_year
1.5,fraser_SizeGov,AGO,2004
1.5,fraser_SizeGov,ARE,2002
1.5,fraser_SizeGov,ARM,2004
1.5,fraser_SizeGov,BDI,2005
1.5,fraser_SizeGov,BFA,2001
1.5,fraser_SizeGov,BGR,2016
1.5,fraser_SizeGov,BIH,2001
1.5,fraser_SizeGov,BLZ,2004
1.5,fraser_SizeGov,BRN,2011
1.5,fraser_SizeGov,BTN,2001
1.5,fraser_SizeGov,BWA,2010
1.5,fraser_SizeGov,CAF,2003
1.5,fraser_SizeGov,CIV,2015
1.5,fraser_SizeGov,CMR,2010
1.5,fraser_SizeGov,COG,2012
1.5,fraser_SizeGov,COL,2004
1.5,fraser_SizeGov,COM,2009
1.5,fraser_SizeGov,CPV,2001
1.5,fraser_SizeGov,CZE,2007
1.5,fraser_SizeGov,DJI,2006
1.5,fraser_SizeGov,DZA,2013
1.5,fraser_SizeGov,FJI,2005
1.5,fraser_SizeGov,FRA,2007
1.5,fraser_SizeGov,GAB,2014
1.5,fraser_SizeGov,GEO,2010
1.5,fraser_SizeGov,GHA,2006
1.5,fraser_SizeGov,GIN,2003
1.5,fraser_SizeGov,GMB,2004
1.5,fraser_SizeGov,GNB,2012
1.5,fraser_SizeGov,GRC,2018
1.5,fraser_SizeGov,GTM,2013
1.5,fraser_SizeGov,GUY,2005
1.5,fraser_SizeGov,HRV,2001
1.5,fraser_SizeGov,HTI,2003
1.5,fraser_SizeGov,HUN,2016
1.5,fraser_SizeGov,IRN,2001
1.5,fraser_SizeGov,IRQ,2006
1.5,fraser_SizeGov,JOR,2010
1.5,fraser_SizeGov,KEN,2004
1.5,fraser_SizeGov,KHM,2003
1.5,fraser_SizeGov,LAO,2002
1.5,fraser_SizeGov,LBR,2003
1.5,fraser_SizeGov,LBY,2011
1.5,fraser_SizeGov,LKA,2010
1.5,fraser_SizeGov,LSO,2003
1.5,fraser_SizeGov,MDG,2021
1.5,fraser_SizeGov,MLI,2003
1.5,fraser_SizeGov,MMR,2008
1.5,fraser_SizeGov,MNE,2006
1.5,fraser_SizeGov,MNG,2017
1.5,fraser_SizeGov,MOZ,2012
1.5,fraser_SizeGov,MRT,2003
1.5,fraser_SizeGov,MUS,2007
1.5,fraser_SizeGov,MWI,2002
1.5,fraser_SizeGov,NER,2003
1.5,fraser_SizeGov,NGA,2002
1.5,fraser_SizeGov,NIC,2002
1.5,fraser_SizeGov,NPL,2001
1.5,fraser_SizeGov,POL,2012
1.5,fraser_SizeGov,RUS,2005
1.5,fraser_SizeGov,RWA,2003
1.5,fraser_SizeGov,SDN,2005
1.5,fraser_SizeGov,SEN,2013
1.5,fraser_SizeGov,SLE,2006
1.5,fraser_SizeGov,SVK,2004
1.5,fraser_SizeGov,SYC,2002
1.5,fraser_SizeGov,SYR,2013
1.5,fraser_SizeGov,TCD,2015
1.5,fraser_SizeGov,TGO,2013
1.5,fraser_SizeGov,TJK,2001
1.5,fraser_SizeGov,TLS,2005
1.5,fraser_SizeGov,UKR,2004
1.5,fraser_SizeGov,VNM,2004
1.5,fraser_SizeGov,YEM,2001
1.5,fraser_SizeGov,ZWE,2007
1.5,fraser_LegalSystem,AGO,2008
1.5,fraser_LegalSystem,ALB,2015
1.5,fraser_LegalSystem,ARE,2018
1.5,fraser_LegalSystem,ARG,2004
1.5,fraser_LegalSystem,ARM,2005
1.5,fraser_LegalSystem,AUT,2003
1.5,fraser_LegalSystem,AZE,2007
1.5,fraser_LegalSystem,BDI,2006
1.5,fraser_LegalSystem,BEL,2011
1.5,fraser_LegalSystem,BEN,2005
1.5,fraser_LegalSystem,BFA,2007
1.5,fraser_LegalSystem,BGD,2005
1.5,fraser_LegalSystem,BGR,2005
1.5,fraser_LegalSystem,BHR,2006
1.5,fraser_LegalSystem,BHS,2001
1.5,fraser_LegalSystem,BIH,2007
1.5,fraser_LegalSystem,BLR,2011
1.5,fraser_LegalSystem,BLZ,2015
1.5,fraser_LegalSystem,BRA,2002
1.5,fraser_LegalSystem,BRB,2005
1.5,fraser_LegalSystem,BRN,2000
1.5,fraser_LegalSystem,BTN,2015
1.5,fraser_LegalSystem,BWA,2005
1.5,fraser_LegalSystem,CIV,2005
1.5,fraser_LegalSystem,COD,2010
1.5,fraser_LegalSystem,COG,2007
1.5,fraser_LegalSystem,CRI,2005
1.5,fraser_LegalSystem,DEU,2009
1.5,fraser_LegalSystem,DOM,2002
1.5,fraser_LegalSystem,DZA,2005
1.5,fraser_LegalSystem,ECU,2005
1.5,fraser_LegalSystem,EGY,2005
1.5,fraser_LegalSystem,EST,2009
1.5,fraser_LegalSystem,ETH,2001
1.5,fraser_LegalSystem,FJI,2008
1.5,fraser_LegalSystem,FRA,2006
1.5,fraser_LegalSystem,GAB,2006
1.5,fraser_LegalSystem,GEO,2004
1.5,fraser_LegalSystem,GHA,2006
1.5,fraser_LegalSystem,GIN,2008
1.5,fraser_LegalSystem,GMB,2005
1.5,fraser_LegalSystem,GNB,2004
1.5,fraser_LegalSystem,GRC,2005
1.5,fraser_LegalSystem,GTM,2004
1.5,fraser_LegalSystem,HKG,2004
1.5,fraser_LegalSystem,HND,2006
1.5,fraser_LegalSystem,HRV,2006
1.5,fraser_LegalSystem,HTI,2006
1.5,fraser_LegalSystem,IDN,2002
1.5,fraser_LegalSystem,IND,2004
1.5,fraser_LegalSystem,IRN,2004
1.5,fraser_LegalSystem,IRQ,2011
1.5,fraser_LegalSystem,JAM,2005
1.5,fraser_LegalSystem,KAZ,2007
1.5,fraser_LegalSystem,KEN,2003
1.5,fraser_LegalSystem,KOR,2005
1.5,fraser_LegalSystem,KWT,2010
1.5,fraser_LegalSystem,LAO,2007
1.5,fraser_LegalSystem,LBN,2004
1.5,fraser_LegalSystem,LBR,2004
1.5,fraser_LegalSystem,LBY,2001
1.5,fraser_LegalSystem,LKA,2015
1.5,fraser_LegalSystem,LSO,2006
1.5,fraser_LegalSystem,LTU,2003
1.5,fraser_LegalSystem,LUX,2007
1.5,fraser_LegalSystem,LVA,2002
1.5,fraser_LegalSystem,MAR,2004
1.5,fraser_LegalSystem,MDA,2018
1.5,fraser_LegalSystem,MDG,2007
1.5,fraser_LegalSystem,MEX,2005
1.5,fraser_LegalSystem,MLT,2005
1.5,fraser_LegalSystem,MMR,2007
1.5,fraser_LegalSystem,MNE,2006
1.5,fraser_LegalSystem,MNG,2009
1.5,fraser_LegalSystem,MOZ,2005
1.5,fraser_LegalSystem,MUS,2005
1.5,fraser_LegalSystem,MWI,2005
1.5,fraser_LegalSystem,NGA,2005
1.5,fraser_LegalSystem,NIC,2005
1.5,fraser_LegalSystem,NOR,2003
1.5,fraser_LegalSystem,NPL,2002
1.5,fraser_LegalSystem,OMN,2007
1.5,fraser_LegalSystem,PAK,2010
1.5,fraser_LegalSystem,PER,2001
1.5,fraser_LegalSystem,PHL,2012
1.5,fraser_LegalSystem,PNG,2006
1.5,fraser_LegalSystem,POL,2006
1.5,fraser_LegalSystem,PRT,2004
1.5,fraser_LegalSystem,QAT,2007
1.5,fraser_LegalSystem,ROU,2003
1.5,fraser_LegalSystem,RWA,2002
1.5,fraser_LegalSystem,SAU,2019
1.5,fraser_LegalSystem,SDN,2005
1.5,fraser_LegalSystem,SEN,2014
1.5,fraser_LegalSystem,SLE,2003
1.5,fraser_LegalSystem,SRB,2001
1.5,fraser_LegalSystem,SUR,2012
1.5,fraser_LegalSystem,SVK,2004
1.5,fraser_LegalSystem,SVN,2009
1.5,fraser_LegalSystem,SWZ,2005
1.5,fraser_LegalSystem,SYC,2003
1.5,fraser_LegalSystem,SYR,2001
1.5,fraser_LegalSystem,TCD,2017
1.5,fraser_LegalSystem,TGO,2007
1.5,fraser_LegalSystem,TJK,2005
1.5,fraser_LegalSystem,TLS,2012
1.5,fraser_LegalSystem,TTO,2005
1.5,fraser_LegalSystem,TUR,2002
1.5,fraser_LegalSystem,VNM,2004
1.5,fraser_LegalSystem,YEM,2005
1.5,fraser_LegalSystem,ZAF,2005
1.5,fraser_LegalSystem,ZMB,2007
1.5,fraser_SoundMoney,AGO,2006
1.5,fraser_SoundMoney,ALB,2003
1.5,fraser_SoundMoney,ARG,2015
1.5,fraser_SoundMoney,ARM,2001
1.5,fraser_SoundMoney,AZE,2004
1.5,fraser_SoundMoney,BDI,2001
1.5,fraser_SoundMoney,BFA,2004
1.5,fraser_SoundMoney,BGR,2001
1.5,fraser_SoundMoney,BHS,2018
1.5,fraser_SoundMoney,BIH,2001
1.5,fraser_SoundMoney,BLR,2004
1.5,fraser_SoundMoney,BLZ,2002
1.5,fraser_SoundMoney,BRA,2002
1.5,fraser_SoundMoney,BRB,2019
1.5,fraser_SoundMoney,BRN,2006
1.5,fraser_SoundMoney,BTN,2005
1.5,fraser_SoundMoney,CAF,2016
1.5,fraser_SoundMoney,COD,2001
1.5,fraser_SoundMoney,COL,2001
1.5,fraser_SoundMoney,COM,2006
1.5,fraser_SoundMoney,CPV,2003
1.5,fraser_SoundMoney,CRI,2011
1.5,fraser_SoundMoney,CYP,2002
1.5,fraser_SoundMoney,CZE,2001
1.5,fraser_SoundMoney,DJI,2009
1.5,fraser_SoundMoney,DOM,2005
1.5,fraser_SoundMoney,ECU,2009
1.5,fraser_SoundMoney,EGY,2018
1.5,fraser_SoundMoney,ETH,2004
1.5,fraser_SoundMoney,GEO,2001
1.5,fraser_SoundMoney,GHA,2002
1.5,fraser_SoundMoney,GIN,2007
1.5,fraser_SoundMoney,GMB,2005
1.5,fraser_SoundMoney,GNB,2001
1.5,fraser_SoundMoney,GRC,2018
1.5,fraser_SoundMoney,HRV,2011
1.5,fraser_SoundMoney,HTI,2009
1.5,fraser_SoundMoney,HUN,2001
1.5,fraser_SoundMoney,IDN,2003
1.5,fraser_SoundMoney,IND,2015
1.5,fraser_SoundMoney,IRQ,2005
1.5,fraser_SoundMoney,ISL,2016
1.5,fraser_SoundMoney,ISR,2001
1.5,fraser_SoundMoney,JAM,2009
1.5,fraser_SoundMoney,JOR,2009
1.5,fraser_SoundMoney,KAZ,2004
1.5,fraser_SoundMoney,KEN,2009
1.5,fraser_SoundMoney,KGZ,2001
1.5,fraser_SoundMoney,KHM,2009
1.5,fraser_SoundMoney,LAO,2009
1.5,fraser_SoundMoney,LBN,2002
1.5,fraser_SoundMoney,LBR,2013
1.5,fraser_SoundMoney,LBY,2003
1.5,fraser_SoundMoney,LKA,2009
1.5,fraser_SoundMoney,LSO,2003
1.5,fraser_SoundMoney,LTU,2002
1.5,fraser_SoundMoney,LVA,2009
1.5,fraser_SoundMoney,MDA,2001
1.5,fraser_SoundMoney,MDG,2003
1.5,fraser_SoundMoney,MLT,2004
1.5,fraser_SoundMoney,MMR,2004
1.5,fraser_SoundMoney,MNE,2002
1.5,fraser_SoundMoney,MNG,2002
1.5,fraser_SoundMoney,MOZ,2001
1.5,fraser_SoundMoney,MRT,2003
1.5,fraser_SoundMoney,MWI,2007
1.5,fraser_SoundMoney,MYS,2013
1.5,fraser_SoundMoney,NIC,2009
1.5,fraser_SoundMoney,NOR,2016
1.5,fraser_SoundMoney,PHL,2010
1.5,fraser_SoundMoney,PRY,2004
1.5,fraser_SoundMoney,QAT,2002
1.5,fraser_SoundMoney,ROU,2001
1.5,fraser_SoundMoney,RUS,2004
1.5,fraser_SoundMoney,RWA,2010
1.5,fraser_SoundMoney,SDN,2002
1.5,fraser_SoundMoney,SRB,2003
1.5,fraser_SoundMoney,SUR,2002
1.5,fraser_SoundMoney,SVK,2004
1.5,fraser_SoundMoney,SVN,2001
1.5,fraser_SoundMoney,SYC,2010
1.5,fraser_SoundMoney,SYR,2001
1.5,fraser_SoundMoney,TCD,2010
1.5,fraser_SoundMoney,THA,2015
1.5,fraser_SoundMoney,TJK,2004
1.5,fraser_SoundMoney,TLS,2002
1.5,fraser_SoundMoney,TUN,2020
1.5,fraser_SoundMoney,TUR,2007
1.5,fraser_SoundMoney,UGA,2013
1.5,fraser_SoundMoney,UKR,2001
1.5,fraser_SoundMoney,URY,2004
1.5,fraser_SoundMoney,VEN,2001
1.5,fraser_SoundMoney,VNM,2009
1.5,fraser_SoundMoney,YEM,2002
1.5,fraser_SoundMoney,ZMB,2017
1.5,fraser_SoundMoney,ZWE,2008
1.5,fraser_FreeTrade,AGO,2019
1.5,fraser_FreeTrade,ALB,2014
1.5,fraser_FreeTrade,ARE,2022
1.5,fraser_FreeTrade,ARG,2016
1.5,fraser_FreeTrade,ARM,2014
1.5,fraser_FreeTrade,BDI,2006
1.5,fraser_FreeTrade,BEL,2022
1.5,fraser_FreeTrade,BGD,2006
1.5,fraser_FreeTrade,BGR,2006
1.5,fraser_FreeTrade,BHS,2022
1.5,fraser_FreeTrade,BIH,2006
1.5,fraser_FreeTrade,BLZ,2022
1.5,fraser_FreeTrade,BRA,2022
1.5,fraser_FreeTrade,BRB,2022
1.5,fraser_FreeTrade,BWA,2014
1.5,fraser_FreeTrade,CAF,2014
1.5,fraser_FreeTrade,CHL,2001
1.5,fraser_FreeTrade,COD,2002
1.5,fraser_FreeTrade,COL,2022
1.5,fraser_FreeTrade,COM,2022
1.5,fraser_FreeTrade,CPV,2022
1.5,fraser_FreeTrade,CRI,2006
1.5,fraser_FreeTrade,CYP,2004
1.5,fraser_FreeTrade,CZE,2014
1.5,fraser_FreeTrade,DEU,2022
1.5,fraser_FreeTrade,DNK,2022
1.5,fraser_FreeTrade,DOM,2006
1.5,fraser_FreeTrade,DZA,2020
1.5,fraser_FreeTrade,ECU,2022
1.5,fraser_FreeTrade,EGY,2004
1.5,fraser_FreeTrade,ESP,2022
1.5,fraser_FreeTrade,EST,2022
1.5,fraser_FreeTrade,ETH,2019
1.5,fraser_FreeTrade,FIN,2022
1.5,fraser_FreeTrade,FJI,2022
1.5,fraser_FreeTrade,FRA,2022
1.5,fraser_FreeTrade,GBR,2021
1.5,fraser_FreeTrade,GIN,2017
1.5,fraser_FreeTrade,GMB,2022
1.5,fraser_FreeTrade,GNB,2019
1.5,fraser_FreeTrade,GTM,2006
1.5,fraser_FreeTrade,HKG,2022
1.5,fraser_FreeTrade,HTI,2003
1.5,fraser_FreeTrade,HUN,2001
1.5,fraser_FreeTrade,IND,2017
1.5,fraser_FreeTrade,IRL,2021
1.5,fraser_FreeTrade,IRN,2013
1.5,fraser_FreeTrade,ISR,2021
1.5,fraser_FreeTrade,ITA,2022
1.5,fraser_FreeTrade,JAM,2021
1.5,fraser_FreeTrade,JOR,2022
1.5,fraser_FreeTrade,KAZ,2014
1.5,fraser_FreeTrade,KGZ,2014
1.5,fraser_FreeTrade,KHM,2022
1.5,fraser_FreeTrade,KOR,2022
1.5,fraser_FreeTrade,LAO,2017
1.5,fraser_FreeTrade,LBN,2022
1.5,fraser_FreeTrade,LBY,2020
1.5,fraser_FreeTrade,LKA,2022
1.5,fraser_FreeTrade,LSO,2013
1.5,fraser_FreeTrade,LUX,2022
1.5,fraser_FreeTrade,MDA,2021
1.5,fraser_FreeTrade,MDG,2022
1.5,fraser_FreeTrade,MLT,2004
1.5,fraser_FreeTrade,MMR,2012
1.5,fraser_FreeTrade,MNE,2021
1.5,fraser_FreeTrade,MOZ,2017
1.5,fraser_FreeTrade,MRT,2019
1.5,fraser_FreeTrade,MUS,2005
1.5,fraser_FreeTrade,MWI,2008
1.5,fraser_FreeTrade,MYS,2022
1.5,fraser_FreeTrade,NAM,2022
1.5,fraser_FreeTrade,NGA,2002
1.5,fraser_FreeTrade,NIC,2022
1.5,fraser_FreeTrade,NLD,2022
1.5,fraser_FreeTrade,PAK,2002
1.5,fraser_FreeTrade,PAN,2022
1.5,fraser_FreeTrade,PHL,2022
1.5,fraser_FreeTrade,PNG,2007
1.5,fraser_FreeTrade,PRT,2022
1.5,fraser_FreeTrade,QAT,2022
1.5,fraser_FreeTrade,ROU,2005
1.5,fraser_FreeTrade,RUS,2002
1.5,fraser_FreeTrade,RWA,2010
1.5,fraser_FreeTrade,SDN,2020
1.5,fraser_FreeTrade,SGP,2022
1.5,fraser_FreeTrade,SLE,2002
1.5,fraser_FreeTrade,SLV,2021
1.5,fraser_FreeTrade,SOM,2022
1.5,fraser_FreeTrade,SRB,2021
1.5,fraser_FreeTrade,SVN,2021
1.5,fraser_FreeTrade,SWZ,2014
1.5,fraser_FreeTrade,SYC,2018
1.5,fraser_FreeTrade,SYR,2004
1.5,fraser_FreeTrade,TGO,2005
1.5,fraser_FreeTrade,TJK,2018
1.5,fraser_FreeTrade,TLS,2022
1.5,fraser_FreeTrade,TTO,2001
1.5,fraser_FreeTrade,TUN,2011
1.5,fraser_FreeTrade,UGA,2006
1.5,fraser_FreeTrade,UKR,2002
1.5,fraser_FreeTrade,VEN,2004
1.5,fraser_FreeTrade,ZAF,2022
1.5,fraser_FreeTrade,ZMB,2022
1.5,fraser_FreeTrade,ZWE,2008
1.5,fraser_Regulation,AGO,2004
1.5,fraser_Regulation,ALB,2006
1.5,fraser_Regulation,ARM,2001
1.5,fraser_Regulation,AZE,2007
1.5,fraser_Regulation,BDI,2001
1.5,fraser_Regulation,BEL,2010
1.5,fraser_Regulation,BEN,2017
1.5,fraser_Regulation,BFA,2003
1.5,fraser_Regulation,BGD,2005
1.5,fraser_Regulation,BHR,2017
1.5,fraser_Regulation,BHS,2022
1.5,fraser_Regulation,BLR,2014
1.5,fraser_Regulation,BRA,2010
1.5,fraser_Regulation,BRN,2012
1.5,fraser_Regulation,BTN,2004
1.5,fraser_Regulation,CIV,2009
1.5,fraser_Regulation,COD,2005
1.5,fraser_Regulation,COG,2001
1.5,fraser_Regulation,COL,2010
1.5,fraser_Regulation,COM,2010
1.5,fraser_Regulation,CYP,2010
1.5,fraser_Regulation,CZE,2010
1.5,fraser_Regulation,DEU,2010
1.5,fraser_Regulation,DJI,2010
1.5,fraser_Regulation,DZA,2001
1.5,fraser_Regulation,ECU,2002
1.5,fraser_Regulation,EGY,2010
1.5,fraser_Regulation,ESP,2010
1.5,fraser_Regulation,ETH,2001
1.5,fraser_Regulation,FJI,2005
1.5,fraser_Regulation,GAB,2001
1.5,fraser_Regulation,GBR,2010
1.5,fraser_Regulation,GEO,2005
1.5,fraser_Regulation,GHA,2002
1.5,fraser_Regulation,GIN,2008
1.5,fraser_Regulation,GMB,2017
1.5,fraser_Regulation,GNB,2001
1.5,fraser_Regulation,GRC,2014
1.5,fraser_Regulation,HTI,2008
1.5,fraser_Regulation,HUN,2010
1.5,fraser_Regulation,IDN,2002
1.5,fraser_Regulation,IRL,2010
1.5,fraser_Regulation,IRN,2014
1.5,fraser_Regulation,IRQ,2016
1.5,fraser_Regulation,ISL,2003
1.5,fraser_Regulation,ISR,2010
1.5,fraser_Regulation,ITA,2010
1.5,fraser_Regulation,JAM,2010
1.5,fraser_Regulation,KEN,2005
1.5,fraser_Regulation,KGZ,2007
1.5,fraser_Regulation,KHM,2005
1.5,fraser_Regulation,KWT,2001
1.5,fraser_Regulation,LAO,2002
1.5,fraser_Regulation,LBN,2007
1.5,fraser_Regulation,LKA,2010
1.5,fraser_Regulation,LSO,2012
1.5,fraser_Regulation,LTU,2010
1.5,fraser_Regulation,MAR,2006
1.5,fraser_Regulation,MDA,2010
1.5,fraser_Regulation,MDG,2006
1.5,fraser_Regulation,MKD,2010
1.5,fraser_Regulation,MLI,2005
1.5,fraser_Regulation,MLT,2004
1.5,fraser_Regulation,MMR,2010
1.5,fraser_Regulation,MNE,2013
1.5,fraser_Regulation,MNG,2017
1.5,fraser_Regulation,MUS,2018
1.5,fraser_Regulation,MWI,2005
1.5,fraser_Regulation,MYS,2005
1.5,fraser_Regulation,NAM,2010
1.5,fraser_Regulation,NER,2009
1.5,fraser_Regulation,NGA,2013
1.5,fraser_Regulation,NLD,2010
1.5,fraser_Regulation,NPL,2010
1.5,fraser_Regulation,OMN,2009
1.5,fraser_Regulation,PAK,2010
1.5,fraser_Regulation,PER,2010
1.5,fraser_Regulation,PHL,2010
1.5,fraser_Regulation,PRT,2010
1.5,fraser_Regulation,PRY,2005
1.5,fraser_Regulation,ROU,2010
1.5,fraser_Regulation,RUS,2010
1.5,fraser_Regulation,RWA,2003
1.5,fraser_Regulation,SAU,2007
1.5,fraser_Regulation,SDN,2010
1.5,fraser_Regulation,SEN,2009
1.5,fraser_Regulation,SLE,2005
1.5,fraser_Regulation,SRB,2009
1.5,fraser_Regulation,SWE,2010
1.5,fraser_Regulation,SWZ,2004
1.5,fraser_Regulation,SYC,2004
1.5,fraser_Regulation,TGO,2011
1.5,fraser_Regulation,TJK,2005
1.5,fraser_Regulation,TLS,2007
1.5,fraser_Regulation,TUR,2005
1.5,fraser_Regulation,TZA,2005
1.5,fraser_Regulation,UGA,2005
1.5,fraser_Regulation,UKR,2002
1.5,fraser_Regulation,URY,2004
1.5,fraser_Regulation,VEN,2004
1.5,fraser_Regulation,VNM,2005
1.5,fraser_Regulation,YEM,2010
1.5,fraser_Regulation,ZWE,2015
1.5,heritage_Property.Rights,AFG,2020
1.5,heritage_Property.Rights,AGO,2017
1.5,heritage_Property.Rights,ALB,2017
1.5,heritage_Property.Rights,ARE,2010
1.5,heritage_Property.Rights,ARG,2017
1.5,heritage_Property.Rights,ARM,2017
1.5,heritage_Property.Rights,AUS,2022
1.5,heritage_Property.Rights,AUT,2022
1.5,heritage_Property.Rights,AZE,2017
1.5,heritage_Property.Rights,BFA,1997
1.5,heritage_Property.Rights,BGD,2017
1.5,heritage_Property.Rights,BGR,2017
1.5,heritage_Property.Rights,BHR,2003
1.5,heritage_Property.Rights,BHS,2020
1.5,heritage_Property.Rights,BIH,2011
1.5,heritage_Property.Rights,BLR,2017
1.5,heritage_Property.Rights,BLZ,2001
1.5,heritage_Property.Rights,BOL,1998
1.5,heritage_Property.Rights,BRA,2017
1.5,heritage_Property.Rights,BRB,1998
1.5,heritage_Property.Rights,BRN,2017
1.5,heritage_Property.Rights,BWA,2022
1.5,heritage_Property.Rights,CAF,2020
1.5,heritage_Property.Rights,CHE,1997
1.5,heritage_Property.Rights,CHN,2017
1.5,heritage_Property.Rights,CIV,2017
1.5,heritage_Property.Rights,CMR,2017
1.5,heritage_Property.Rights,COD,2017
1.5,heritage_Property.Rights,COG,1999
1.5,heritage_Property.Rights,COL,2008
1.5,heritage_Property.Rights,CPV,2006
1.5,heritage_Property.Rights,CUB,2017
1.5,heritage_Property.Rights,CYP,1999
1.5,heritage_Property.Rights,CZE,2022
1.5,heritage_Property.Rights,DEU,2022
1.5,heritage_Property.Rights,DJI,2019
1.5,heritage_Property.Rights,DMA,2020
1.5,heritage_Property.Rights,DNK,2022
1.5,heritage_Property.Rights,DOM,2017
1.5,heritage_Property.Rights,DZA,2017
1.5,heritage_Property.Rights,ECU,2017
1.5,heritage_Property.Rights,EGY,1996
1.5,heritage_Property.Rights,ERI,2017
1.5,heritage_Property.Rights,ESP,2022
1.5,heritage_Property.Rights,EST,2007
1.5,heritage_Property.Rights,ETH,2022
1.5,heritage_Property.Rights,FJI,2017
1.5,heritage_Property.Rights,FRA,2010
1.5,heritage_Property.Rights,FSM,2020
1.5,heritage_Property.Rights,GEO,2001
1.5,heritage_Property.Rights,GHA,2022
1.5,heritage_Property.Rights,GIN,2018
1.5,heritage_Property.Rights,GMB,2017
1.5,heritage_Property.Rights,GNB,2007
1.5,heritage_Property.Rights,GNQ,2003
1.5,heritage_Property.Rights,GRC,2010
1.5,heritage_Property.Rights,GTM,2017
1.5,heritage_Property.Rights,GUY,2020
1.5,heritage_Property.Rights,HND,2002
1.5,heritage_Property.Rights,HRV,2010
1.5,heritage_Property.Rights,HTI,2018
1.5,heritage_Property.Rights,HUN,2017
1.5,heritage_Property.Rights,IDN,2017
1.5,heritage_Property.Rights,IRN,2017
1.5,heritage_Property.Rights,ISL,2022
1.5,heritage_Property.Rights,ITA,2017
1.5,heritage_Property.Rights,JAM,1996
1.5,heritage_Property.Rights,JPN,2010
1.5,heritage_Property.Rights,KAZ,2017
1.5,heritage_Property.Rights,KEN,2017
1.5,heritage_Property.Rights,KGZ,2017
1.5,heritage_Property.Rights,KHM,2017
1.5,heritage_Property.Rights,KIR,2017
1.5,heritage_Property.Rights,KOR,2022
1.5,heritage_Property.Rights,KWT,2017
1.5,heritage_Property.Rights,LAO,2017
1.5,heritage_Property.Rights,LBN,2017
1.5,heritage_Property.Rights,LBY,2020
1.5,heritage_Property.Rights,LKA,2001
1.5,heritage_Property.Rights,LSO,2017
1.5,heritage_Property.Rights,LTU,2022
1.5,heritage_Property.Rights,LUX,2022
1.5,heritage_Property.Rights,LVA,2017
1.5,heritage_Property.Rights,MAR,2017
1.5,heritage_Property.Rights,MDA,2017
1.5,heritage_Property.Rights,MDG,1996
1.5,heritage_Property.Rights,MDV,2017
1.5,heritage_Property.Rights,MKD,2017
1.5,heritage_Property.Rights,MLI,1996
1.5,heritage_Property.Rights,MLT,1998
1.5,heritage_Property.Rights,MMR,2017
1.5,heritage_Property.Rights,MNE,2017
1.5,heritage_Property.Rights,MNG,2017
1.5,heritage_Property.Rights,MOZ,2017
1.5,heritage_Property.Rights,MRT,2022
1.5,heritage_Property.Rights,MWI,2009
1.5,heritage_Property.Rights,MYS,2017
1.5,heritage_Property.Rights,NAM,2017
1.5,heritage_Property.Rights,NER,1997
1.5,heritage_Property.Rights,NIC,2017
1.5,heritage_Property.Rights,NOR,2022
1.5,heritage_Property.Rights,NPL,1997
1.5,heritage_Property.Rights,PAN,2010
1.5,heritage_Property.Rights,PER,1999
1.5,heritage_Property.Rights,PHL,1996
1.5,heritage_Property.Rights,PNG,2017
1.5,heritage_Property.Rights,POL,1996
1.5,heritage_Property.Rights,PRK,2017
1.5,heritage_Property.Rights,PRT,2022
1.5,heritage_Property.Rights,QAT,2010
1.5,heritage_Property.Rights,ROU,2017
1.5,heritage_Property.Rights,RUS,2017
1.5,heritage_Property.Rights,RWA,2002
1.5,heritage_Property.Rights,SAU,2017
1.5,heritage_Property.Rights,SLB,2017
1.5,heritage_Property.Rights,SLE,2017
1.5,heritage_Property.Rights,SLV,1999
1.5,heritage_Property.Rights,SOM,2018
1.5,heritage_Property.Rights,STP,2017
1.5,heritage_Property.Rights,SUR,2017
1.5,heritage_Property.Rights,SVK,2017
1.5,heritage_Property.Rights,SVN,1997
1.5,heritage_Property.Rights,SWE,2001
1.5,heritage_Property.Rights,SWZ,2017
1.5,heritage_Property.Rights,SYC,2020
1.5,heritage_Property.Rights,SYR,2017
1.5,heritage_Property.Rights,TCD,2017
1.5,heritage_Property.Rights,THA,2017
1.5,heritage_Property.Rights,TJK,2017
1.5,heritage_Property.Rights,TKM,2017
1.5,heritage_Property.Rights,TLS,2018
1.5,heritage_Property.Rights,TON,2017
1.5,heritage_Property.Rights,TUN,2017
1.5,heritage_Property.Rights,TUR,2017
1.5,heritage_Property.Rights,UGA,1996
1.5,heritage_Property.Rights,UKR,1997
1.5,heritage_Property.Rights,URY,1997
1.5,heritage_Property.Rights,USA,2022
1.5,heritage_Property.Rights,UZB,2017
1.5,heritage_Property.Rights,VCT,2020
1.5,heritage_Property.Rights,VNM,2017
1.5,heritage_Property.Rights,VUT,2017
1.5,heritage_Property.Rights,WSM,2022
1.5,heritage_Property.Rights,XKX,2017
1.5,heritage_Property.Rights,ZAF,2017
1.5,heritage_Property.Rights,ZMB,2017
1.5,heritage_Property.Rights,ZWE,2017
1.5,heritage_Government.Integrity,AFG,2017
1.5,heritage_Government.Integrity,ALB,2001
1.5,heritage_Government.Integrity,ARE,2006
1.5,heritage_Government.Integrity,ARG,1996
1.5,heritage_Government.Integrity,ARM,2015
1.5,heritage_Government.Integrity,AUS,1997
1.5,heritage_Government.Integrity,AZE,1998
1.5,heritage_Government.Integrity,BFA,2002
1.5,heritage_Government.Integrity,BGD,1998
1.5,heritage_Government.Integrity,BGR,2020
1.5,heritage_Government.Integrity,BHR,2021
1.5,heritage_Government.Integrity,BHS,2013
1.5,heritage_Government.Integrity,BIH,2005
1.5,heritage_Government.Integrity,BLR,2000
1.5,heritage_Government.Integrity,BLZ,2017
1.5,heritage_Government.Integrity,BOL,1996
1.5,heritage_Government.Integrity,BRA,2020
1.5,heritage_Government.Integrity,BRB,1997
1.5,heritage_Government.Integrity,BRN,2022
1.5,heritage_Government.Integrity,BTN,2022
1.5,heritage_Government.Integrity,BWA,1996
1.5,heritage_Government.Integrity,CHL,1997
1.5,heritage_Government.Integrity,CMR,1998
1.5,heritage_Government.Integrity,COG,2005
1.5,heritage_Government.Integrity,COL,1997
1.5,heritage_Government.Integrity,CPV,2008
1.5,heritage_Government.Integrity,CRI,1999
1.5,heritage_Government.Integrity,CUB,2005
1.5,heritage_Government.Integrity,CYP,2002
1.5,heritage_Government.Integrity,CZE,2020
1.5,heritage_Government.Integrity,DMA,2018
1.5,heritage_Government.Integrity,ECU,1996
1.5,heritage_Government.Integrity,EGY,1996
1.5,heritage_Government.Integrity,ERI,2017
1.5,heritage_Government.Integrity,ESP,1999
1.5,heritage_Government.Integrity,EST,1998
1.5,heritage_Government.Integrity,FJI,2007
1.5,heritage_Government.Integrity,FRA,2020
1.5,heritage_Government.Integrity,FSM,2017
1.5,heritage_Government.Integrity,GEO,2001
1.5,heritage_Government.Integrity,GHA,2022
1.5,heritage_Government.Integrity,GIN,1998
1.5,heritage_Government.Integrity,GMB,2005
1.5,heritage_Government.Integrity,GNB,2009
1.5,heritage_Government.Integrity,GNQ,2007
1.5,heritage_Government.Integrity,GRC,1998
1.5,heritage_Government.Integrity,GUY,1996
1.5,heritage_Government.Integrity,HND,2003
1.5,heritage_Government.Integrity,HRV,1997
1.5,heritage_Government.Integrity,HTI,2004
1.5,heritage_Government.Integrity,HUN,2020
1.5,heritage_Government.Integrity,IDN,1997
1.5,heritage_Government.Integrity,IND,1997
1.5,heritage_Government.Integrity,IRL,1997
1.5,heritage_Government.Integrity,IRN,2005
1.5,heritage_Government.Integrity,ISR,1998
1.5,heritage_Government.Integrity,ITA,1996
1.5,heritage_Government.Integrity,JOR,1998
1.5,heritage_Government.Integrity,JPN,2017
1.5,heritage_Government.Integrity,KAZ,2001
1.5,heritage_Government.Integrity,KHM,2007
1.5,heritage_Government.Integrity,KIR,2017
1.5,heritage_Government.Integrity,KOR,2017
1.5,heritage_Government.Integrity,KWT,2020
1.5,heritage_Government.Integrity,LAO,2007
1.5,heritage_Government.Integrity,LBN,2005
1.5,heritage_Government.Integrity,LBY,2005
1.5,heritage_Government.Integrity,LCA,2018
1.5,heritage_Government.Integrity,LKA,1997
1.5,heritage_Government.Integrity,LSO,2015
1.5,heritage_Government.Integrity,LTU,2017
1.5,heritage_Government.Integrity,LVA,2015
1.5,heritage_Government.Integrity,MDA,1996
1.5,heritage_Government.Integrity,MDG,1996
1.5,heritage_Government.Integrity,MDV,2017
1.5,heritage_Government.Integrity,MEX,2020
1.5,heritage_Government.Integrity,MLI,2005
1.5,heritage_Government.Integrity,MLT,1997
1.5,heritage_Government.Integrity,MMR,2015
1.5,heritage_Government.Integrity,MNG,2015
1.5,heritage_Government.Integrity,MOZ,2001
1.5,heritage_Government.Integrity,MUS,2008
1.5,heritage_Government.Integrity,MWI,2000
1.5,heritage_Government.Integrity,NER,2006
1.5,heritage_Government.Integrity,NGA,1999
1.5,heritage_Government.Integrity,NIC,2000
1.5,heritage_Government.Integrity,NPL,2006
1.5,heritage_Government.Integrity,OMN,2020
1.5,heritage_Government.Integrity,PAK,1996
1.5,heritage_Government.Integrity,PER,1996
1.5,heritage_Government.Integrity,PHL,1996
1.5,heritage_Government.Integrity,POL,1996
1.5,heritage_Government.Integrity,PRK,2018
1.5,heritage_Government.Integrity,PRT,1998
1.5,heritage_Government.Integrity,PRY,2017
1.5,heritage_Government.Integrity,QAT,2018
1.5,heritage_Government.Integrity,ROU,1996
1.5,heritage_Government.Integrity,RUS,1996
1.5,heritage_Government.Integrity,RWA,2007
1.5,heritage_Government.Integrity,SEN,2015
1.5,heritage_Government.Integrity,SLB,2017
1.5,heritage_Government.Integrity,SLE,2005
1.5,heritage_Government.Integrity,SLV,2020
1.5,heritage_Government.Integrity,STP,2015
1.5,heritage_Government.Integrity,SUR,2006
1.5,heritage_Government.Integrity,SVK,2020
1.5,heritage_Government.Integrity,SVN,1997
1.5,heritage_Government.Integrity,SYC,2020
1.5,heritage_Government.Integrity,SYR,2005
1.5,heritage_Government.Integrity,TGO,2007
1.5,heritage_Government.Integrity,TJK,2017
1.5,heritage_Government.Integrity,TKM,2006
1.5,heritage_Government.Integrity,TON,2017
1.5,heritage_Government.Integrity,TUR,1997
1.5,heritage_Government.Integrity,UKR,1996
1.5,heritage_Government.Integrity,UZB,2017
1.5,heritage_Government.Integrity,VCT,2022
1.5,heritage_Government.Integrity,VEN,1997
1.5,heritage_Government.Integrity,VNM,1999
1.5,heritage_Government.Integrity,VUT,2017
1.5,heritage_Government.Integrity,WSM,2016
1.5,heritage_Government.Integrity,XKX,2017
1.5,heritage_Government.Integrity,YEM,2005
1.5,heritage_Government.Integrity,ZMB,1996
1.5,heritage_Government.Integrity,ZWE,2000
1.5,heritage_Judicial.Effectiveness,ALB,2022
1.5,heritage_Judicial.Effectiveness,AZE,2019
1.5,heritage_Judicial.Effectiveness,BEL,2022
1.5,heritage_Judicial.Effectiveness,BEN,2022
1.5,heritage_Judicial.Effectiveness,BFA,2018
1.5,heritage_Judicial.Effectiveness,BGR,2022
1.5,heritage_Judicial.Effectiveness,BHR,2021
1.5,heritage_Judicial.Effectiveness,BHS,2022
1.5,heritage_Judicial.Effectiveness,BLZ,2022
1.5,heritage_Judicial.Effectiveness,BOL,2022
1.5,heritage_Judicial.Effectiveness,BRB,2018
1.5,heritage_Judicial.Effectiveness,BRN,2018
1.5,heritage_Judicial.Effectiveness,BWA,2022
1.5,heritage_Judicial.Effectiveness,CAN,2022
1.5,heritage_Judicial.Effectiveness,CHE,2022
1.5,heritage_Judicial.Effectiveness,CHL,2022
1.5,heritage_Judicial.Effectiveness,COL,2022
1.5,heritage_Judicial.Effectiveness,CPV,2022
1.5,heritage_Judicial.Effectiveness,CRI,2022
1.5,heritage_Judicial.Effectiveness,CYP,2022
1.5,heritage_Judicial.Effectiveness,CZE,2022
1.5,heritage_Judicial.Effectiveness,DEU,2022
1.5,heritage_Judicial.Effectiveness,DMA,2022
1.5,heritage_Judicial.Effectiveness,DOM,2022
1.5,heritage_Judicial.Effectiveness,ECU,2022
1.5,heritage_Judicial.Effectiveness,FIN,2022
1.5,heritage_Judicial.Effectiveness,FRA,2022
1.5,heritage_Judicial.Effectiveness,FSM,2022
1.5,heritage_Judicial.Effectiveness,GHA,2022
1.5,heritage_Judicial.Effectiveness,GRC,2022
1.5,heritage_Judicial.Effectiveness,HRV,2022
1.5,heritage_Judicial.Effectiveness,HTI,2018
1.5,heritage_Judicial.Effectiveness,IRL,2022
1.5,heritage_Judicial.Effectiveness,ISL,2022
1.5,heritage_Judicial.Effectiveness,ITA,2022
1.5,heritage_Judicial.Effectiveness,JAM,2022
1.5,heritage_Judicial.Effectiveness,JPN,2022
1.5,heritage_Judicial.Effectiveness,KIR,2022
1.5,heritage_Judicial.Effectiveness,LUX,2022
1.5,heritage_Judicial.Effectiveness,LVA,2022
1.5,heritage_Judicial.Effectiveness,MLT,2022
1.5,heritage_Judicial.Effectiveness,MNG,2022
1.5,heritage_Judicial.Effectiveness,MOZ,2022
1.5,heritage_Judicial.Effectiveness,NLD,2022
1.5,heritage_Judicial.Effectiveness,NZL,2022
1.5,heritage_Judicial.Effectiveness,PAN,2022
1.5,heritage_Judicial.Effectiveness,PER,2022
1.5,heritage_Judicial.Effectiveness,PRT,2022
1.5,heritage_Judicial.Effectiveness,SLB,2018
1.5,heritage_Judicial.Effectiveness,STP,2022
1.5,heritage_Judicial.Effectiveness,SUR,2022
1.5,heritage_Judicial.Effectiveness,SVK,2022
1.5,heritage_Judicial.Effectiveness,SVN,2022
1.5,heritage_Judicial.Effectiveness,SWE,2022
1.5,heritage_Judicial.Effectiveness,TKM,2019
1.5,heritage_Judicial.Effectiveness,TLS,2022
1.5,heritage_Judicial.Effectiveness,TON,2022
1.5,heritage_Judicial.Effectiveness,UZB,2021
1.5,heritage_Judicial.Effectiveness,VUT,2022
1.5,heritage_Judicial.Effectiveness,WSM,2018
1.5,heritage_Judicial.Effectiveness,ZAF,2021
1.5,heritage_Judicial.Effectiveness,ZMB,2022
1.5,heritage_Tax.Burden,AGO,1998
1.5,heritage_Tax.Burden,ALB,2007
1.5,heritage_Tax.Burden,ARM,2002
1.5,heritage_Tax.Burden,AUT,2006
1.5,heritage_Tax.Burden,AZE,1997
1.5,heritage_Tax.Burden,BEL,2004
1.5,heritage_Tax.Burden,BEN,2006
1.5,heritage_Tax.Burden,BFA,2003
1.5,heritage_Tax.Burden,BGD,1996
1.5,heritage_Tax.Burden,BGR,1999
1.5,heritage_Tax.Burden,BIH,2010
1.5,heritage_Tax.Burden,BLR,2000
1.5,heritage_Tax.Burden,BLZ,2001
1.5,heritage_Tax.Burden,BRA,1997
1.5,heritage_Tax.Burden,BRB,2006
1.5,heritage_Tax.Burden,BWA,1996
1.5,heritage_Tax.Burden,CAF,2007
1.5,heritage_Tax.Burden,CAN,2002
1.5,heritage_Tax.Burden,CHL,1996
1.5,heritage_Tax.Burden,CIV,2009
1.5,heritage_Tax.Burden,CMR,2005
1.5,heritage_Tax.Burden,COG,2007
1.5,heritage_Tax.Burden,CPV,2005
1.5,heritage_Tax.Burden,CUB,2007
1.5,heritage_Tax.Burden,CYP,2004
1.5,heritage_Tax.Burden,CZE,1997
1.5,heritage_Tax.Burden,DEU,1996
1.5,heritage_Tax.Burden,DJI,2019
1.5,heritage_Tax.Burden,DNK,2011
1.5,heritage_Tax.Burden,DZA,2000
1.5,heritage_Tax.Burden,ECU,1998
1.5,heritage_Tax.Burden,EGY,1996
1.5,heritage_Tax.Burden,ERI,2016
1.5,heritage_Tax.Burden,ESP,2001
1.5,heritage_Tax.Burden,EST,2001
1.5,heritage_Tax.Burden,ETH,1996
1.5,heritage_Tax.Burden,FIN,2001
1.5,heritage_Tax.Burden,FJI,1996
1.5,heritage_Tax.Burden,FRA,2008
1.5,heritage_Tax.Burden,GAB,2011
1.5,heritage_Tax.Burden,GBR,2015
1.5,heritage_Tax.Burden,GHA,1996
1.5,heritage_Tax.Burden,GNB,2003
1.5,heritage_Tax.Burden,GRC,2003
1.5,heritage_Tax.Burden,GTM,2021
1.5,heritage_Tax.Burden,GUY,2007
1.5,heritage_Tax.Burden,HND,2000
1.5,heritage_Tax.Burden,HRV,2003
1.5,heritage_Tax.Burden,HUN,1996
1.5,heritage_Tax.Burden,IDN,1996
1.5,heritage_Tax.Burden,IND,1996
1.5,heritage_Tax.Burden,IRN,2003
1.5,heritage_Tax.Burden,ISL,2003
1.5,heritage_Tax.Burden,ISR,1996
1.5,heritage_Tax.Burden,JOR,1997
1.5,heritage_Tax.Burden,JPN,2000
1.5,heritage_Tax.Burden,KAZ,2000
1.5,heritage_Tax.Burden,KGZ,2004
1.5,heritage_Tax.Burden,KIR,2011
1.5,heritage_Tax.Burden,LAO,2000
1.5,heritage_Tax.Burden,LBR,2011
1.5,heritage_Tax.Burden,LBY,2000
1.5,heritage_Tax.Burden,LKA,1996
1.5,heritage_Tax.Burden,LSO,2014
1.5,heritage_Tax.Burden,LTU,2012
1.5,heritage_Tax.Burden,MDA,1996
1.5,heritage_Tax.Burden,MDG,2005
1.5,heritage_Tax.Burden,MLI,2000
1.5,heritage_Tax.Burden,MMR,2003
1.5,heritage_Tax.Burden,MNG,1997
1.5,heritage_Tax.Burden,MOZ,1996
1.5,heritage_Tax.Burden,MRT,2003
1.5,heritage_Tax.Burden,MUS,2002
1.5,heritage_Tax.Burden,MWI,2010
1.5,heritage_Tax.Burden,NAM,2001
1.5,heritage_Tax.Burden,NER,2003
1.5,heritage_Tax.Burden,NZL,2012
1.5,heritage_Tax.Burden,OMN,1999
1.5,heritage_Tax.Burden,PAK,1996
1.5,heritage_Tax.Burden,POL,2010
1.5,heritage_Tax.Burden,PRY,2007
1.5,heritage_Tax.Burden,QAT,2005
1.5,heritage_Tax.Burden,ROU,2000
1.5,heritage_Tax.Burden,RUS,2002
1.5,heritage_Tax.Burden,SDN,2000
1.5,heritage_Tax.Burden,SEN,2015
1.5,heritage_Tax.Burden,SLE,2008
1.5,heritage_Tax.Burden,SRB,2021
1.5,heritage_Tax.Burden,STP,2010
1.5,heritage_Tax.Burden,SUR,1998
1.5,heritage_Tax.Burden,SVK,1996
1.5,heritage_Tax.Burden,SVN,2006
1.5,heritage_Tax.Burden,SWZ,2001
1.5,heritage_Tax.Burden,SYR,2003
1.5,heritage_Tax.Burden,TGO,2011
1.5,heritage_Tax.Burden,TJK,2003
1.5,heritage_Tax.Burden,TKM,2000
1.5,heritage_Tax.Burden,TLS,2018
1.5,heritage_Tax.Burden,TTO,2007
1.5,heritage_Tax.Burden,TUR,1997
1.5,heritage_Tax.Burden,UGA,2020
1.5,heritage_Tax.Burden,UKR,2005
1.5,heritage_Tax.Burden,USA,2019
1.5,heritage_Tax.Burden,UZB,2003
1.5,heritage_Tax.Burden,VCT,2010
1.5,heritage_Tax.Burden,VNM,2000
1.5,heritage_Tax.Burden,WSM,2001
1.5,heritage_Tax.Burden,YEM,2007
1.5,heritage_Tax.Burden,ZMB,2002
1.5,heritage_Tax.Burden,ZWE,1996
1.5,heritage_Government.Spending,AGO,2007
1.5,heritage_Government.Spending,ALB,1996
1.5,heritage_Government.Spending,ARE,2000
1.5,heritage_Government.Spending,ARM,1997
1.5,heritage_Government.Spending,AUT,2000
1.5,heritage_Government.Spending,AZE,1997
1.5,heritage_Government.Spending,BDI,2014
1.5,heritage_Government.Spending,BGR,1998
1.5,heritage_Government.Spending,BIH,2000
1.5,heritage_Government.Spending,BLR,1997
1.5,heritage_Government.Spending,BLZ,1997
1.5,heritage_Government.Spending,BOL,1996
1.5,heritage_Government.Spending,BRA,2003
1.5,heritage_Government.Spending,BRB,2013
1.5,heritage_Government.Spending,BTN,2014
1.5,heritage_Government.Spending,BWA,1998
1.5,heritage_Government.Spending,CHE,2002
1.5,heritage_Government.Spending,COD,2014
1.5,heritage_Government.Spending,COG,2001
1.5,heritage_Government.Spending,COL,1996
1.5,heritage_Government.Spending,COM,2021
1.5,heritage_Government.Spending,CPV,1999
1.5,heritage_Government.Spending,CUB,2002
1.5,heritage_Government.Spending,CZE,2003
1.5,heritage_Government.Spending,DJI,2014
1.5,heritage_Government.Spending,DMA,2014
1.5,heritage_Government.Spending,DZA,2006
1.5,heritage_Government.Spending,ECU,2012
1.5,heritage_Government.Spending,EGY,2002
1.5,heritage_Government.Spending,ERI,2011
1.5,heritage_Government.Spending,EST,2001
1.5,heritage_Government.Spending,ETH,2007
1.5,heritage_Government.Spending,FIN,2001
1.5,heritage_Government.Spending,FJI,2002
1.5,heritage_Government.Spending,GAB,2002
1.5,heritage_Government.Spending,GEO,1997
1.5,heritage_Government.Spending,GHA,2005
1.5,heritage_Government.Spending,GMB,2000
1.5,heritage_Government.Spending,GNB,2001
1.5,heritage_Government.Spending,GNQ,2013
1.5,heritage_Government.Spending,GRC,2018
1.5,heritage_Government.Spending,GUY,1997
1.5,heritage_Government.Spending,HND,2011
1.5,heritage_Government.Spending,HRV,2010
1.5,heritage_Government.Spending,HUN,2000
1.5,heritage_Government.Spending,IRL,2015
1.5,heritage_Government.Spending,ISL,2000
1.5,heritage_Government.Spending,ISR,2001
1.5,heritage_Government.Spending,JAM,2001
1.5,heritage_Government.Spending,JOR,2017
1.5,heritage_Government.Spending,KGZ,1999
1.5,heritage_Government.Spending,KOR,2021
1.5,heritage_Government.Spending,KWT,1998
1.5,heritage_Government.Spending,LBN,2001
1.5,heritage_Government.Spending,LBY,2008
1.5,heritage_Government.Spending,LSO,2003
1.5,heritage_Government.Spending,LTU,2013
1.5,heritage_Government.Spending,LUX,2000
1.5,heritage_Government.Spending,LVA,2001
1.5,heritage_Government.Spending,MAR,1999
1.5,heritage_Government.Spending,MDA,2000
1.5,heritage_Government.Spending,MDV,2013
1.5,heritage_Government.Spending,MKD,2003
1.5,heritage_Government.Spending,MLT,2005
1.5,heritage_Government.Spending,MNE,2003
1.5,heritage_Government.Spending,MNG,1997
1.5,heritage_Government.Spending,MOZ,1996
1.5,heritage_Government.Spending,MRT,2016
1.5,heritage_Government.Spending,MWI,1996
1.5,heritage_Government.Spending,NGA,1997
1.5,heritage_Government.Spending,NIC,2000
1.5,heritage_Government.Spending,NLD,2002
1.5,heritage_Government.Spending,NOR,2000
1.5,heritage_Government.Spending,OMN,1999
1.5,heritage_Government.Spending,PAK,2001
1.5,heritage_Government.Spending,PER,2007
1.5,heritage_Government.Spending,PNG,2018
1.5,heritage_Government.Spending,POL,1996
1.5,heritage_Government.Spending,QAT,2003
1.5,heritage_Government.Spending,ROU,1996
1.5,heritage_Government.Spending,RWA,2000
1.5,heritage_Government.Spending,SAU,2000
1.5,heritage_Government.Spending,SDN,1997
1.5,heritage_Government.Spending,SEN,2020
1.5,heritage_Government.Spending,SLB,2011
1.5,heritage_Government.Spending,SLE,2007
1.5,heritage_Government.Spending,SRB,2003
1.5,heritage_Government.Spending,STP,2010
1.5,heritage_Government.Spending,SUR,1997
1.5,heritage_Government.Spending,SVK,1998
1.5,heritage_Government.Spending,SVN,2017
1.5,heritage_Government.Spending,SWE,2013
1.5,heritage_Government.Spending,SWZ,2014
1.5,heritage_Government.Spending,SYC,2011
1.5,heritage_Government.Spending,SYR,2009
1.5,heritage_Government.Spending,TLS,2017
1.5,heritage_Government.Spending,TON,2010
1.5,heritage_Government.Spending,TUR,2000
1.5,heritage_Government.Spending,URY,2007
1.5,heritage_Government.Spending,UZB,2000
1.5,heritage_Government.Spending,VEN,1998
1.5,heritage_Government.Spending,WSM,1997
1.5,heritage_Government.Spending,YEM,2002
1.5,heritage_Government.Spending,ZWE,2003
1.5,heritage_Fiscal.Health,BEN,2021
1.5,heritage_Fiscal.Health,BRB,2019
1.5,heritage_Fiscal.Health,COG,2021
1.5,heritage_Fiscal.Health,CPV,2018
1.5,heritage_Fiscal.Health,DJI,2021
1.5,heritage_Fiscal.Health,DZA,2021
1.5,heritage_Fiscal.Health,ECU,2020
1.5,heritage_Fiscal.Health,ERI,2021
1.5,heritage_Fiscal.Health,GIN,2018
1.5,heritage_Fiscal.Health,GMB,2020
1.5,heritage_Fiscal.Health,GNQ,2020
1.5,heritage_Fiscal.Health,HTI,2018
1.5,heritage_Fiscal.Health,IRQ,2020
1.5,heritage_Fiscal.Health,JOR,2019
1.5,heritage_Fiscal.Health,JPN,2018
1.5,heritage_Fiscal.Health,KAZ,2020
1.5,heritage_Fiscal.Health,LBR,2019
1.5,heritage_Fiscal.Health,MDV,2020
1.5,heritage_Fiscal.Health,MNE,2018
1.5,heritage_Fiscal.Health,MNG,2021
1.5,heritage_Fiscal.Health,NAM,2021
1.5,heritage_Fiscal.Health,NER,2021
1.5,heritage_Fiscal.Health,PNG,2018
1.5,heritage_Fiscal.Health,SLE,2021
1.5,heritage_Fiscal.Health,SVN,2018
1.5,heritage_Fiscal.Health,TGO,2020
1.5,heritage_Fiscal.Health,TJK,2021
1.5,heritage_Fiscal.Health,VNM,2021
1.5,heritage_Fiscal.Health,VUT,2020
1.5,heritage_Fiscal.Health,YEM,2020
1.5,heritage_Business.Freedom,AGO,2007
1.5,heritage_Business.Freedom,ALB,2007
1.5,heritage_Business.Freedom,ARE,2009
1.5,heritage_Business.Freedom,ARM,2006
1.5,heritage_Business.Freedom,AUS,2002
1.5,heritage_Business.Freedom,AUT,2006
1.5,heritage_Business.Freedom,AZE,1997
1.5,heritage_Business.Freedom,BDI,2007
1.5,heritage_Business.Freedom,BEL,2006
1.5,heritage_Business.Freedom,BEN,2018
1.5,heritage_Business.Freedom,BFA,1997
1.5,heritage_Business.Freedom,BGD,2006
1.5,heritage_Business.Freedom,BGR,2006
1.5,heritage_Business.Freedom,BIH,2006
1.5,heritage_Business.Freedom,BLR,2006
1.5,heritage_Business.Freedom,BRA,1997
1.5,heritage_Business.Freedom,BRB,2001
1.5,heritage_Business.Freedom,BWA,2003
1.5,heritage_Business.Freedom,CAN,2006
1.5,heritage_Business.Freedom,CHE,2006
1.5,heritage_Business.Freedom,CHN,2020
1.5,heritage_Business.Freedom,CIV,2014
1.5,heritage_Business.Freedom,CMR,2022
1.5,heritage_Business.Freedom,COD,2015
1.5,heritage_Business.Freedom,COM,2017
1.5,heritage_Business.Freedom,CPV,2001
1.5,heritage_Business.Freedom,CUB,2003
1.5,heritage_Business.Freedom,CYP,2010
1.5,heritage_Business.Freedom,CZE,2022
1.5,heritage_Business.Freedom,DEU,1999
1.5,heritage_Business.Freedom,DJI,2014
1.5,heritage_Business.Freedom,DNK,2003
1.5,heritage_Business.Freedom,DOM,2022
1.5,heritage_Business.Freedom,ECU,2022
1.5,heritage_Business.Freedom,EGY,2008
1.5,heritage_Business.Freedom,ERI,2016
1.5,heritage_Business.Freedom,ESP,2006
1.5,heritage_Business.Freedom,EST,2022
1.5,heritage_Business.Freedom,ETH,2019
1.5,heritage_Business.Freedom,FIN,1997
1.5,heritage_Business.Freedom,FJI,1999
1.5,heritage_Business.Freedom,FRA,2006
1.5,heritage_Business.Freedom,GEO,2006
1.5,heritage_Business.Freedom,GHA,2003
1.5,heritage_Business.Freedom,GIN,2013
1.5,heritage_Business.Freedom,GNB,2012
1.5,heritage_Business.Freedom,GNQ,2016
1.5,heritage_Business.Freedom,GRC,2009
1.5,heritage_Business.Freedom,GTM,2014
1.5,heritage_Business.Freedom,HND,2022
1.5,heritage_Business.Freedom,HRV,2022
1.5,heritage_Business.Freedom,HTI,2015
1.5,heritage_Business.Freedom,HUN,2022
1.5,heritage_Business.Freedom,IDN,2018
1.5,heritage_Business.Freedom,IND,2020
1.5,heritage_Business.Freedom,IRL,2006
1.5,heritage_Business.Freedom,IRN,2006
1.5,heritage_Business.Freedom,IRQ,2014
1.5,heritage_Business.Freedom,ISL,2002
1.5,heritage_Business.Freedom,ITA,2006
1.5,heritage_Business.Freedom,JAM,2006
1.5,heritage_Business.Freedom,JOR,2009
1.5,heritage_Business.Freedom,JPN,2006
1.5,heritage_Business.Freedom,KAZ,2010
1.5,heritage_Business.Freedom,KEN,2006
1.5,heritage_Business.Freedom,KGZ,2009
1.5,heritage_Business.Freedom,KHM,2022
1.5,heritage_Business.Freedom,KIR,2022
1.5,heritage_Business.Freedom,KOR,2006
1.5,heritage_Business.Freedom,LAO,2006
1.5,heritage_Business.Freedom,LBR,2010
1.5,heritage_Business.Freedom,LBY,2016
1.5,heritage_Business.Freedom,LKA,1997
1.5,heritage_Business.Freedom,LSO,2007
1.5,heritage_Business.Freedom,LTU,2006
1.5,heritage_Business.Freedom,LUX,2022
1.5,heritage_Business.Freedom,LVA,1997
1.5,heritage_Business.Freedom,MDA,2006
1.5,heritage_Business.Freedom,MDG,2007
1.5,heritage_Business.Freedom,MDV,2012
1.5,heritage_Business.Freedom,MEX,2003
1.5,heritage_Business.Freedom,MKD,2012
1.5,heritage_Business.Freedom,MLI,1996
1.5,heritage_Business.Freedom,MLT,2003
1.5,heritage_Business.Freedom,MMR,2014
1.5,heritage_Business.Freedom,MNG,2006
1.5,heritage_Business.Freedom,MOZ,2001
1.5,heritage_Business.Freedom,MRT,2009
1.5,heritage_Business.Freedom,MUS,2008
1.5,heritage_Business.Freedom,MWI,2015
1.5,heritage_Business.Freedom,MYS,2012
1.5,heritage_Business.Freedom,NAM,1998
1.5,heritage_Business.Freedom,NER,2007
1.5,heritage_Business.Freedom,NGA,2007
1.5,heritage_Business.Freedom,NLD,2006
1.5,heritage_Business.Freedom,NOR,2006
1.5,heritage_Business.Freedom,NZL,2006
1.5,heritage_Business.Freedom,OMN,2009
1.5,heritage_Business.Freedom,PAK,2003
1.5,heritage_Business.Freedom,PER,1999
1.5,heritage_Business.Freedom,PHL,1997
1.5,heritage_Business.Freedom,POL,2010
1.5,heritage_Business.Freedom,PRY,2008
1.5,heritage_Business.Freedom,QAT,2009
1.5,heritage_Business.Freedom,ROU,2006
1.5,heritage_Business.Freedom,RUS,2012
1.5,heritage_Business.Freedom,RWA,2004
1.5,heritage_Business.Freedom,SAU,2008
1.5,heritage_Business.Freedom,SEN,2009
1.5,heritage_Business.Freedom,SLE,2006
1.5,heritage_Business.Freedom,SLV,2000
1.5,heritage_Business.Freedom,STP,2012
1.5,heritage_Business.Freedom,SVK,2022
1.5,heritage_Business.Freedom,SVN,2001
1.5,heritage_Business.Freedom,SWE,2006
1.5,heritage_Business.Freedom,SYR,2009
1.5,heritage_Business.Freedom,TCD,2007
1.5,heritage_Business.Freedom,TGO,2015
1.5,heritage_Business.Freedom,TJK,2010
1.5,heritage_Business.Freedom,TKM,2022
1.5,heritage_Business.Freedom,TLS,2015
1.5,heritage_Business.Freedom,TUN,2006
1.5,heritage_Business.Freedom,TUR,2006
1.5,heritage_Business.Freedom,UGA,1998
1.5,heritage_Business.Freedom,UKR,2011
1.5,heritage_Business.Freedom,URY,2012
1.5,heritage_Business.Freedom,USA,2006
1.5,heritage_Business.Freedom,UZB,2006
1.5,heritage_Business.Freedom,VNM,2006
1.5,heritage_Business.Freedom,WSM,2010
1.5,heritage_Business.Freedom,XKX,2015
1.5,heritage_Business.Freedom,YEM,2009
1.5,heritage_Business.Freedom,ZMB,2006
1.5,heritage_Labor.Freedom,AGO,2018
1.5,heritage_Labor.Freedom,ARM,2017
1.5,heritage_Labor.Freedom,AUT,2022
1.5,heritage_Labor.Freedom,AZE,2009
1.5,heritage_Labor.Freedom,BDI,2009
1.5,heritage_Labor.Freedom,BFA,2009
1.5,heritage_Labor.Freedom,BGD,2015
1.5,heritage_Labor.Freedom,BHR,2009
1.5,heritage_Labor.Freedom,BIH,2010
1.5,heritage_Labor.Freedom,BLR,2010
1.5,heritage_Labor.Freedom,BOL,2009
1.5,heritage_Labor.Freedom,COD,2018
1.5,heritage_Labor.Freedom,COM,2013
1.5,heritage_Labor.Freedom,CPV,2014
1.5,heritage_Labor.Freedom,CYP,2011
1.5,heritage_Labor.Freedom,CZE,2010
1.5,heritage_Labor.Freedom,DEU,2018
1.5,heritage_Labor.Freedom,DJI,2011
1.5,heritage_Labor.Freedom,ECU,2022
1.5,heritage_Labor.Freedom,EGY,2015
1.5,heritage_Labor.Freedom,ERI,2014
1.5,heritage_Labor.Freedom,EST,2011
1.5,heritage_Labor.Freedom,ETH,2014
1.5,heritage_Labor.Freedom,FIN,2015
1.5,heritage_Labor.Freedom,FRA,2022
1.5,heritage_Labor.Freedom,GEO,2007
1.5,heritage_Labor.Freedom,GHA,2010
1.5,heritage_Labor.Freedom,GIN,2010
1.5,heritage_Labor.Freedom,GNB,2011
1.5,heritage_Labor.Freedom,GNQ,2022
1.5,heritage_Labor.Freedom,GRC,2014
1.5,heritage_Labor.Freedom,GUY,2013
1.5,heritage_Labor.Freedom,HKG,2014
1.5,heritage_Labor.Freedom,HRV,2022
1.5,heritage_Labor.Freedom,HTI,2010
1.5,heritage_Labor.Freedom,IDN,2022
1.5,heritage_Labor.Freedom,IND,2011
1.5,heritage_Labor.Freedom,IRN,2015
1.5,heritage_Labor.Freedom,ITA,2013
1.5,heritage_Labor.Freedom,JPN,2015
1.5,heritage_Labor.Freedom,KGZ,2010
1.5,heritage_Labor.Freedom,KHM,2015
1.5,heritage_Labor.Freedom,KIR,2020
1.5,heritage_Labor.Freedom,KWT,2010
1.5,heritage_Labor.Freedom,LBR,2018
1.5,heritage_Labor.Freedom,LCA,2014
1.5,heritage_Labor.Freedom,LTU,2012
1.5,heritage_Labor.Freedom,LUX,2022
1.5,heritage_Labor.Freedom,LVA,2017
1.5,heritage_Labor.Freedom,MAR,2022
1.5,heritage_Labor.Freedom,MDG,2022
1.5,heritage_Labor.Freedom,MDV,2014
1.5,heritage_Labor.Freedom,MKD,2010
1.5,heritage_Labor.Freedom,MMR,2014
1.5,heritage_Labor.Freedom,MNE,2010
1.5,heritage_Labor.Freedom,MNG,2010
1.5,heritage_Labor.Freedom,MOZ,2009
1.5,heritage_Labor.Freedom,MUS,2021
1.5,heritage_Labor.Freedom,MYS,2011
1.5,heritage_Labor.Freedom,NAM,2015
1.5,heritage_Labor.Freedom,NGA,2007
1.5,heritage_Labor.Freedom,NOR,2022
1.5,heritage_Labor.Freedom,OMN,2010
1.5,heritage_Labor.Freedom,PAK,2022
1.5,heritage_Labor.Freedom,PAN,2022
1.5,heritage_Labor.Freedom,PER,2010
1.5,heritage_Labor.Freedom,PHL,2015
1.5,heritage_Labor.Freedom,PRT,2015
1.5,heritage_Labor.Freedom,PRY,2022
1.5,heritage_Labor.Freedom,RWA,2010
1.5,heritage_Labor.Freedom,SDN,2018
1.5,heritage_Labor.Freedom,SEN,2022
1.5,heritage_Labor.Freedom,SLE,2015
1.5,heritage_Labor.Freedom,SVK,2013
1.5,heritage_Labor.Freedom,SVN,2014
1.5,heritage_Labor.Freedom,SWE,2022
1.5,heritage_Labor.Freedom,SYC,2021
1.5,heritage_Labor.Freedom,SYR,2010
1.5,heritage_Labor.Freedom,TCD,2022
1.5,heritage_Labor.Freedom,TKM,2022
1.5,heritage_Labor.Freedom,TLS,2011
1.5,heritage_Labor.Freedom,TUN,2012
1.5,heritage_Labor.Freedom,TUR,2014
1.5,heritage_Labor.Freedom,TZA,2010
1.5,heritage_Labor.Freedom,UKR,2022
1.5,heritage_Labor.Freedom,URY,2019
1.5,heritage_Labor.Freedom,VEN,2022
1.5,heritage_Labor.Freedom,VUT,2017
1.5,heritage_Labor.Freedom,YEM,2021
1.5,heritage_Labor.Freedom,ZAF,2022
1.5,heritage_Labor.Freedom,ZWE,2008
1.5,heritage_Monetary.Freedom,AFG,2018
1.5,heritage_Monetary.Freedom,AGO,2008
1.5,heritage_Monetary.Freedom,ALB,1996
1.5,heritage_Monetary.Freedom,ARG,1996
1.5,heritage_Monetary.Freedom,ARM,1999
1.5,heritage_Monetary.Freedom,AZE,1999
1.5,heritage_Monetary.Freedom,BGR,2001
1.5,heritage_Monetary.Freedom,BIH,2000
1.5,heritage_Monetary.Freedom,BLR,1999
1.5,heritage_Monetary.Freedom,BRA,1999
1.5,heritage_Monetary.Freedom,CAF,2006
1.5,heritage_Monetary.Freedom,CHN,2000
1.5,heritage_Monetary.Freedom,CIV,2001
1.5,heritage_Monetary.Freedom,COD,1998
1.5,heritage_Monetary.Freedom,COG,1999
1.5,heritage_Monetary.Freedom,CPV,2002
1.5,heritage_Monetary.Freedom,DOM,2007
1.5,heritage_Monetary.Freedom,DZA,1999
1.5,heritage_Monetary.Freedom,ECU,2003
1.5,heritage_Monetary.Freedom,EST,1996
1.5,heritage_Monetary.Freedom,ETH,1998
1.5,heritage_Monetary.Freedom,GAB,1998
1.5,heritage_Monetary.Freedom,GBR,2017
1.5,heritage_Monetary.Freedom,GEO,1999
1.5,heritage_Monetary.Freedom,GHA,2000
1.5,heritage_Monetary.Freedom,GIN,2011
1.5,heritage_Monetary.Freedom,GNB,2000
1.5,heritage_Monetary.Freedom,GNQ,2001
1.5,heritage_Monetary.Freedom,HRV,1998
1.5,heritage_Monetary.Freedom,HUN,2016
1.5,heritage_Monetary.Freedom,IDN,2002
1.5,heritage_Monetary.Freedom,JAM,2000
1.5,heritage_Monetary.Freedom,JOR,2001
1.5,heritage_Monetary.Freedom,KAZ,1999
1.5,heritage_Monetary.Freedom,KEN,1997
1.5,heritage_Monetary.Freedom,KGZ,1999
1.5,heritage_Monetary.Freedom,KHM,1998
1.5,heritage_Monetary.Freedom,LAO,2002
1.5,heritage_Monetary.Freedom,LBY,2007
1.5,heritage_Monetary.Freedom,LKA,2011
1.5,heritage_Monetary.Freedom,LTU,1997
1.5,heritage_Monetary.Freedom,LVA,1997
1.5,heritage_Monetary.Freedom,MDA,1997
1.5,heritage_Monetary.Freedom,MDG,1999
1.5,heritage_Monetary.Freedom,MEX,2000
1.5,heritage_Monetary.Freedom,MLI,1999
1.5,heritage_Monetary.Freedom,MMR,2001
1.5,heritage_Monetary.Freedom,MNG,1996
1.5,heritage_Monetary.Freedom,MOZ,1999
1.5,heritage_Monetary.Freedom,MWI,1999
1.5,heritage_Monetary.Freedom,NER,2001
1.5,heritage_Monetary.Freedom,NGA,1998
1.5,heritage_Monetary.Freedom,NIC,1996
1.5,heritage_Monetary.Freedom,OMN,2001
1.5,heritage_Monetary.Freedom,PER,1996
1.5,heritage_Monetary.Freedom,PNG,2001
1.5,heritage_Monetary.Freedom,ROU,1996
1.5,heritage_Monetary.Freedom,RUS,1998
1.5,heritage_Monetary.Freedom,RWA,1998
1.5,heritage_Monetary.Freedom,SDN,1997
1.5,heritage_Monetary.Freedom,SUR,1998
1.5,heritage_Monetary.Freedom,SVK,2004
1.5,heritage_Monetary.Freedom,SYC,2012
1.5,heritage_Monetary.Freedom,SYR,2020
1.5,heritage_Monetary.Freedom,TCD,2005
1.5,heritage_Monetary.Freedom,THA,2001
1.5,heritage_Monetary.Freedom,TJK,2000
1.5,heritage_Monetary.Freedom,TKM,2000
1.5,heritage_Monetary.Freedom,TUR,2006
1.5,heritage_Monetary.Freedom,UGA,1996
1.5,heritage_Monetary.Freedom,UKR,1999
1.5,heritage_Monetary.Freedom,UZB,1999
1.5,heritage_Monetary.Freedom,VEN,1999
1.5,heritage_Monetary.Freedom,VNM,2002
1.5,heritage_Monetary.Freedom,WSM,1997
1.5,heritage_Monetary.Freedom,YEM,1999
1.5,heritage_Monetary.Freedom,ZMB,1996
1.5,heritage_Monetary.Freedom,ZWE,2014
1.5,heritage_Trade.Freedom,ALB,2007
1.5,heritage_Trade.Freedom,ARG,2006
1.5,heritage_Trade.Freedom,ARM,1997
1.5,heritage_Trade.Freedom,AUT,1998
1.5,heritage_Trade.Freedom,AZE,2001
1.5,heritage_Trade.Freedom,BDI,2009
1.5,heritage_Trade.Freedom,BEN,1997
1.5,heritage_Trade.Freedom,BGD,1996
1.5,heritage_Trade.Freedom,BGR,2005
1.5,heritage_Trade.Freedom,BHR,2007
1.5,heritage_Trade.Freedom,BHS,2007
1.5,heritage_Trade.Freedom,BLR,1997
1.5,heritage_Trade.Freedom,BLZ,2000
1.5,heritage_Trade.Freedom,BRB,1998
1.5,heritage_Trade.Freedom,BTN,2010
1.5,heritage_Trade.Freedom,BWA,1998
1.5,heritage_Trade.Freedom,CHN,1997
1.5,heritage_Trade.Freedom,CIV,1997
1.5,heritage_Trade.Freedom,CMR,1999
1.5,heritage_Trade.Freedom,COG,2002
1.5,heritage_Trade.Freedom,COM,2010
1.5,heritage_Trade.Freedom,CPV,2003
1.5,heritage_Trade.Freedom,CRI,2000
1.5,heritage_Trade.Freedom,DJI,2011
1.5,heritage_Trade.Freedom,DOM,1996
1.5,heritage_Trade.Freedom,DZA,2001
1.5,heritage_Trade.Freedom,EGY,1997
1.5,heritage_Trade.Freedom,ETH,1997
1.5,heritage_Trade.Freedom,FJI,2004
1.5,heritage_Trade.Freedom,GAB,2001
1.5,heritage_Trade.Freedom,GHA,1997
1.5,heritage_Trade.Freedom,GIN,1998
1.5,heritage_Trade.Freedom,GNB,2001
1.5,heritage_Trade.Freedom,GTM,1996
1.5,heritage_Trade.Freedom,GUY,2002
1.5,heritage_Trade.Freedom,HND,2001
1.5,heritage_Trade.Freedom,HRV,2006
1.5,heritage_Trade.Freedom,HTI,2006
1.5,heritage_Trade.Freedom,HUN,2000
1.5,heritage_Trade.Freedom,IDN,1996
1.5,heritage_Trade.Freedom,IND,1996
1.5,heritage_Trade.Freedom,IRN,1998
1.5,heritage_Trade.Freedom,JOR,2004
1.5,heritage_Trade.Freedom,KAZ,2008
1.5,heritage_Trade.Freedom,KEN,1996
1.5,heritage_Trade.Freedom,KGZ,2013
1.5,heritage_Trade.Freedom,KHM,1998
1.5,heritage_Trade.Freedom,KIR,2022
1.5,heritage_Trade.Freedom,LAO,2017
1.5,heritage_Trade.Freedom,LBN,2001
1.5,heritage_Trade.Freedom,LBR,2015
1.5,heritage_Trade.Freedom,LBY,1998
1.5,heritage_Trade.Freedom,LKA,2011
1.5,heritage_Trade.Freedom,LSO,1998
1.5,heritage_Trade.Freedom,LTU,1997
1.5,heritage_Trade.Freedom,LVA,1997
1.5,heritage_Trade.Freedom,MAR,2000
1.5,heritage_Trade.Freedom,MDA,1996
1.5,heritage_Trade.Freedom,MDG,1997
1.5,heritage_Trade.Freedom,MDV,2019
1.5,heritage_Trade.Freedom,MEX,1998
1.5,heritage_Trade.Freedom,MKD,2006
1.5,heritage_Trade.Freedom,MLT,2001
1.5,heritage_Trade.Freedom,MMR,2000
1.5,heritage_Trade.Freedom,MNG,1996
1.5,heritage_Trade.Freedom,MOZ,1999
1.5,heritage_Trade.Freedom,MRT,2000
1.5,heritage_Trade.Freedom,MUS,2005
1.5,heritage_Trade.Freedom,MWI,2000
1.5,heritage_Trade.Freedom,MYS,1998
1.5,heritage_Trade.Freedom,NAM,1998
1.5,heritage_Trade.Freedom,NER,2001
1.5,heritage_Trade.Freedom,NGA,2002
1.5,heritage_Trade.Freedom,NIC,2003
1.5,heritage_Trade.Freedom,NOR,1998
1.5,heritage_Trade.Freedom,NPL,1997
1.5,heritage_Trade.Freedom,OMN,2007
1.5,heritage_Trade.Freedom,PAK,2000
1.5,heritage_Trade.Freedom,POL,1998
1.5,heritage_Trade.Freedom,PRY,1996
1.5,heritage_Trade.Freedom,QAT,2009
1.5,heritage_Trade.Freedom,ROU,1997
1.5,heritage_Trade.Freedom,RUS,1998
1.5,heritage_Trade.Freedom,RWA,2001
1.5,heritage_Trade.Freedom,SEN,1998
1.5,heritage_Trade.Freedom,SLB,2013
1.5,heritage_Trade.Freedom,SLE,1996
1.5,heritage_Trade.Freedom,STP,2014
1.5,heritage_Trade.Freedom,SUR,2002
1.5,heritage_Trade.Freedom,SVN,2000
1.5,heritage_Trade.Freedom,SWZ,1998
1.5,heritage_Trade.Freedom,SYC,2015
1.5,heritage_Trade.Freedom,SYR,2006
1.5,heritage_Trade.Freedom,TCD,1998
1.5,heritage_Trade.Freedom,TGO,2007
1.5,heritage_Trade.Freedom,TKM,2003
1.5,heritage_Trade.Freedom,TLS,2015
1.5,heritage_Trade.Freedom,TON,2012
1.5,heritage_Trade.Freedom,TTO,1997
1.5,heritage_Trade.Freedom,TUN,1999
1.5,heritage_Trade.Freedom,TZA,1997
1.5,heritage_Trade.Freedom,UGA,2001
1.5,heritage_Trade.Freedom,UKR,1996
1.5,heritage_Trade.Freedom,URY,2004
1.5,heritage_Trade.Freedom,UZB,2005
1.5,heritage_Trade.Freedom,VCT,2018
1.5,heritage_Trade.Freedom,VNM,2012
1.5,heritage_Trade.Freedom,VUT,2015
1.5,heritage_Trade.Freedom,WSM,1999
1.5,heritage_Trade.Freedom,YEM,2000
1.5,heritage_Trade.Freedom,ZAF,1996
1.5,heritage_Trade.Freedom,ZMB,1997
1.5,heritage_Trade.Freedom,ZWE,1999
1.5,heritage_Investment.Freedom,AFG,2018
1.5,heritage_Investment.Freedom,AGO,2010
1.5,heritage_Investment.Freedom,ALB,2008
1.5,heritage_Investment.Freedom,ARE,2001
1.5,heritage_Investment.Freedom,ARG,2017
1.5,heritage_Investment.Freedom,ARM,2000
1.5,heritage_Investment.Freedom,AUS,2008
1.5,heritage_Investment.Freedom,AZE,1998
1.5,heritage_Investment.Freedom,BDI,2009
1.5,heritage_Investment.Freedom,BEL,2002
1.5,heritage_Investment.Freedom,BEN,2008
1.5,heritage_Investment.Freedom,BFA,2010
1.5,heritage_Investment.Freedom,BGD,2010
1.5,heritage_Investment.Freedom,BGR,1999
1.5,heritage_Investment.Freedom,BHR,2008
1.5,heritage_Investment.Freedom,BHS,1996
1.5,heritage_Investment.Freedom,BIH,2006
1.5,heritage_Investment.Freedom,BLR,2014
1.5,heritage_Investment.Freedom,BLZ,2015
1.5,heritage_Investment.Freedom,BOL,2001
1.5,heritage_Investment.Freedom,BRA,2020
1.5,heritage_Investment.Freedom,BRB,2008
1.5,heritage_Investment.Freedom,BWA,2002
1.5,heritage_Investment.Freedom,CAF,2009
1.5,heritage_Investment.Freedom,CAN,2007
1.5,heritage_Investment.Freedom,CHE,2010
1.5,heritage_Investment.Freedom,CHL,2008
1.5,heritage_Investment.Freedom,CIV,2014
1.5,heritage_Investment.Freedom,COD,2017
1.5,heritage_Investment.Freedom,COG,1999
1.5,heritage_Investment.Freedom,COL,2008
1.5,heritage_Investment.Freedom,COM,2014
1.5,heritage_Investment.Freedom,CPV,2008
1.5,heritage_Investment.Freedom,CUB,2000
1.5,heritage_Investment.Freedom,CYP,2006
1.5,heritage_Investment.Freedom,CZE,2014
1.5,heritage_Investment.Freedom,DEU,2001
1.5,heritage_Investment.Freedom,DJI,2010
1.5,heritage_Investment.Freedom,DMA,2013
1.5,heritage_Investment.Freedom,DNK,2007
1.5,heritage_Investment.Freedom,DOM,2013
1.5,heritage_Investment.Freedom,DZA,2002
1.5,heritage_Investment.Freedom,ECU,2008
1.5,heritage_Investment.Freedom,EGY,2011
1.5,heritage_Investment.Freedom,ESP,2009
1.5,heritage_Investment.Freedom,ETH,1996
1.5,heritage_Investment.Freedom,FIN,2011
1.5,heritage_Investment.Freedom,FJI,2013
1.5,heritage_Investment.Freedom,FRA,2004
1.5,heritage_Investment.Freedom,GAB,2013
1.5,heritage_Investment.Freedom,GBR,2005
1.5,heritage_Investment.Freedom,GEO,2006
1.5,heritage_Investment.Freedom,GHA,1996
1.5,heritage_Investment.Freedom,GIN,2008
1.5,heritage_Investment.Freedom,GMB,2001
1.5,heritage_Investment.Freedom,GNB,2003
1.5,heritage_Investment.Freedom,GNQ,2003
1.5,heritage_Investment.Freedom,GRC,2010
1.5,heritage_Investment.Freedom,GTM,2006
1.5,heritage_Investment.Freedom,GUY,2014
1.5,heritage_Investment.Freedom,HND,2006
1.5,heritage_Investment.Freedom,HRV,2010
1.5,heritage_Investment.Freedom,HTI,1997
1.5,heritage_Investment.Freedom,HUN,2008
1.5,heritage_Investment.Freedom,IDN,1996
1.5,heritage_Investment.Freedom,IND,2002
1.5,heritage_Investment.Freedom,IRL,2001
1.5,heritage_Investment.Freedom,IRN,2002
1.5,heritage_Investment.Freedom,ISL,2007
1.5,heritage_Investment.Freedom,ISR,2008
1.5,heritage_Investment.Freedom,JAM,2002
1.5,heritage_Investment.Freedom,JOR,2010
1.5,heritage_Investment.Freedom,JPN,2006
1.5,heritage_Investment.Freedom,KAZ,2006
1.5,heritage_Investment.Freedom,KEN,2016
1.5,heritage_Investment.Freedom,KGZ,2006
1.5,heritage_Investment.Freedom,KHM,2010
1.5,heritage_Investment.Freedom,KOR,1998
1.5,heritage_Investment.Freedom,KWT,2006
1.5,heritage_Investment.Freedom,LAO,2003
1.5,heritage_Investment.Freedom,LBN,2010
1.5,heritage_Investment.Freedom,LBR,2014
1.5,heritage_Investment.Freedom,LBY,2006
1.5,heritage_Investment.Freedom,LCA,2010
1.5,heritage_Investment.Freedom,LKA,2011
1.5,heritage_Investment.Freedom,LSO,2011
1.5,heritage_Investment.Freedom,LTU,1997
1.5,heritage_Investment.Freedom,LUX,2001
1.5,heritage_Investment.Freedom,LVA,1997
1.5,heritage_Investment.Freedom,MAC,2010
1.5,heritage_Investment.Freedom,MDA,1996
1.5,heritage_Investment.Freedom,MDG,2000
1.5,heritage_Investment.Freedom,MEX,2010
1.5,heritage_Investment.Freedom,MKD,2010
1.5,heritage_Investment.Freedom,MLI,2014
1.5,heritage_Investment.Freedom,MLT,2010
1.5,heritage_Investment.Freedom,MMR,2014
1.5,heritage_Investment.Freedom,MNE,2010
1.5,heritage_Investment.Freedom,MNG,2006
1.5,heritage_Investment.Freedom,MOZ,2000
1.5,heritage_Investment.Freedom,MRT,1997
1.5,heritage_Investment.Freedom,MUS,2006
1.5,heritage_Investment.Freedom,MYS,2007
1.5,heritage_Investment.Freedom,NAM,2009
1.5,heritage_Investment.Freedom,NER,2003
1.5,heritage_Investment.Freedom,NGA,1996
1.5,heritage_Investment.Freedom,NIC,1996
1.5,heritage_Investment.Freedom,NLD,2001
1.5,heritage_Investment.Freedom,NOR,2008
1.5,heritage_Investment.Freedom,NZL,1999
1.5,heritage_Investment.Freedom,OMN,2003
1.5,heritage_Investment.Freedom,PAK,2006
1.5,heritage_Investment.Freedom,PAN,2014
1.5,heritage_Investment.Freedom,PER,2008
1.5,heritage_Investment.Freedom,PHL,2009
1.5,heritage_Investment.Freedom,POL,2008
1.5,heritage_Investment.Freedom,PRT,1996
1.5,heritage_Investment.Freedom,PRY,2009
1.5,heritage_Investment.Freedom,QAT,2009
1.5,heritage_Investment.Freedom,ROU,2006
1.5,heritage_Investment.Freedom,RWA,2002
1.5,heritage_Investment.Freedom,SAU,2002
1.5,heritage_Investment.Freedom,SEN,2011
1.5,heritage_Investment.Freedom,SGP,2014
1.5,heritage_Investment.Freedom,SLE,2010
1.5,heritage_Investment.Freedom,SLV,1999
1.5,heritage_Investment.Freedom,SRB,2010
1.5,heritage_Investment.Freedom,STP,2016
1.5,heritage_Investment.Freedom,SUR,2012
1.5,heritage_Investment.Freedom,SVK,2001
1.5,heritage_Investment.Freedom,SVN,1997
1.5,heritage_Investment.Freedom,SWE,2002
1.5,heritage_Investment.Freedom,SWZ,1997
1.5,heritage_Investment.Freedom,SYR,2009
1.5,heritage_Investment.Freedom,TCD,2003
1.5,heritage_Investment.Freedom,TGO,2013
1.5,heritage_Investment.Freedom,THA,1998
1.5,heritage_Investment.Freedom,TKM,2019
1.5,heritage_Investment.Freedom,TLS,2011
1.5,heritage_Investment.Freedom,TUN,2018
1.5,heritage_Investment.Freedom,TUR,2010
1.5,heritage_Investment.Freedom,TZA,2002
1.5,heritage_Investment.Freedom,UGA,2013
1.5,heritage_Investment.Freedom,UKR,2018
1.5,heritage_Investment.Freedom,URY,2009
1.5,heritage_Investment.Freedom,USA,2007
1.5,heritage_Investment.Freedom,UZB,2019
1.5,heritage_Investment.Freedom,VCT,2010
1.5,heritage_Investment.Freedom,VEN,2007
1.5,heritage_Investment.Freedom,VNM,2016
1.5,heritage_Investment.Freedom,VUT,2011
1.5,heritage_Investment.Freedom,WSM,2014
1.5,heritage_Investment.Freedom,YEM,2003
1.5,heritage_Investment.Freedom,ZAF,2014
1.5,heritage_Investment.Freedom,ZWE,2016
1.5,heritage_Financial.Freedom,AFG,2018
1.5,heritage_Financial.Freedom,ALB,2002
1.5,heritage_Financial.Freedom,ARE,2007
1.5,heritage_Financial.Freedom,ARG,1996
1.5,heritage_Financial.Freedom,ARM,2000
1.5,heritage_Financial.Freedom,AZE,2009
1.5,heritage_Financial.Freedom,BEL,2007
1.5,heritage_Financial.Freedom,BEN,2007
1.5,heritage_Financial.Freedom,BFA,2001
1.5,heritage_Financial.Freedom,BGD,1996
1.5,heritage_Financial.Freedom,BGR,2004
1.5,heritage_Financial.Freedom,BHR,2001
1.5,heritage_Financial.Freedom,BIH,2000
1.5,heritage_Financial.Freedom,BLR,1996
1.5,heritage_Financial.Freedom,BOL,1996
1.5,heritage_Financial.Freedom,BRA,2009
1.5,heritage_Financial.Freedom,BWA,1996
1.5,heritage_Financial.Freedom,CAN,2008
1.5,heritage_Financial.Freedom,CHE,1997
1.5,heritage_Financial.Freedom,CHL,2002
1.5,heritage_Financial.Freedom,CIV,2002
1.5,heritage_Financial.Freedom,CMR,2001
1.5,heritage_Financial.Freedom,COG,1999
1.5,heritage_Financial.Freedom,COL,2013
1.5,heritage_Financial.Freedom,COM,2014
1.5,heritage_Financial.Freedom,CPV,2001
1.5,heritage_Financial.Freedom,CRI,2009
1.5,heritage_Financial.Freedom,CYP,2018
1.5,heritage_Financial.Freedom,DEU,2008
1.5,heritage_Financial.Freedom,DJI,2001
1.5,heritage_Financial.Freedom,DMA,2021
1.5,heritage_Financial.Freedom,DNK,2002
1.5,heritage_Financial.Freedom,DOM,2006
1.5,heritage_Financial.Freedom,DZA,2008
1.5,heritage_Financial.Freedom,ECU,2003
1.5,heritage_Financial.Freedom,EGY,1998
1.5,heritage_Financial.Freedom,ESP,1998
1.5,heritage_Financial.Freedom,EST,2002
1.5,heritage_Financial.Freedom,FIN,2002
1.5,heritage_Financial.Freedom,FJI,2003
1.5,heritage_Financial.Freedom,FRA,2007
1.5,heritage_Financial.Freedom,GAB,1997
1.5,heritage_Financial.Freedom,GEO,2003
1.5,heritage_Financial.Freedom,GHA,2006
1.5,heritage_Financial.Freedom,GIN,2003
1.5,heritage_Financial.Freedom,GMB,2001
1.5,heritage_Financial.Freedom,GNB,2006
1.5,heritage_Financial.Freedom,GNQ,2003
1.5,heritage_Financial.Freedom,GRC,2001
1.5,heritage_Financial.Freedom,GTM,1997
1.5,heritage_Financial.Freedom,GUY,1996
1.5,heritage_Financial.Freedom,HKG,1996
1.5,heritage_Financial.Freedom,HND,2005
1.5,heritage_Financial.Freedom,HRV,2004
1.5,heritage_Financial.Freedom,HTI,1997
1.5,heritage_Financial.Freedom,HUN,1996
1.5,heritage_Financial.Freedom,IDN,2007
1.5,heritage_Financial.Freedom,IND,2009
1.5,heritage_Financial.Freedom,IRL,2001
1.5,heritage_Financial.Freedom,ISL,2005
1.5,heritage_Financial.Freedom,ISR,2008
1.5,heritage_Financial.Freedom,ITA,1997
1.5,heritage_Financial.Freedom,JAM,2003
1.5,heritage_Financial.Freedom,JPN,2006
1.5,heritage_Financial.Freedom,KAZ,2006
1.5,heritage_Financial.Freedom,KEN,1997
1.5,heritage_Financial.Freedom,KHM,2003
1.5,heritage_Financial.Freedom,KOR,2008
1.5,heritage_Financial.Freedom,KWT,2017
1.5,heritage_Financial.Freedom,LAO,2006
1.5,heritage_Financial.Freedom,LBY,2006
1.5,heritage_Financial.Freedom,LKA,2007
1.5,heritage_Financial.Freedom,LSO,2001
1.5,heritage_Financial.Freedom,LTU,1997
1.5,heritage_Financial.Freedom,LUX,2001
1.5,heritage_Financial.Freedom,LVA,1997
1.5,heritage_Financial.Freedom,MAR,2007
1.5,heritage_Financial.Freedom,MDA,1996
1.5,heritage_Financial.Freedom,MDG,2001
1.5,heritage_Financial.Freedom,MEX,2001
1.5,heritage_Financial.Freedom,MLI,1996
1.5,heritage_Financial.Freedom,MLT,2001
1.5,heritage_Financial.Freedom,MMR,2016
1.5,heritage_Financial.Freedom,MNG,2006
1.5,heritage_Financial.Freedom,MOZ,1998
1.5,heritage_Financial.Freedom,MRT,2001
1.5,heritage_Financial.Freedom,MUS,2007
1.5,heritage_Financial.Freedom,MWI,2006
1.5,heritage_Financial.Freedom,MYS,2007
1.5,heritage_Financial.Freedom,NAM,2003
1.5,heritage_Financial.Freedom,NER,2003
1.5,heritage_Financial.Freedom,NGA,2007
1.5,heritage_Financial.Freedom,NIC,1996
1.5,heritage_Financial.Freedom,NLD,2008
1.5,heritage_Financial.Freedom,NOR,2009
1.5,heritage_Financial.Freedom,OMN,2001
1.5,heritage_Financial.Freedom,PAK,2006
1.5,heritage_Financial.Freedom,PAN,2008
1.5,heritage_Financial.Freedom,PHL,2006
1.5,heritage_Financial.Freedom,PNG,2001
1.5,heritage_Financial.Freedom,POL,2002
1.5,heritage_Financial.Freedom,PRT,2009
1.5,heritage_Financial.Freedom,PRY,2007
1.5,heritage_Financial.Freedom,QAT,2003
1.5,heritage_Financial.Freedom,ROU,2003
1.5,heritage_Financial.Freedom,RUS,1997
1.5,heritage_Financial.Freedom,RWA,2002
1.5,heritage_Financial.Freedom,SAU,2006
1.5,heritage_Financial.Freedom,SEN,2007
1.5,heritage_Financial.Freedom,SGP,2011
1.5,heritage_Financial.Freedom,SLE,2007
1.5,heritage_Financial.Freedom,SVK,2002
1.5,heritage_Financial.Freedom,SWE,1997
1.5,heritage_Financial.Freedom,SYR,2006
1.5,heritage_Financial.Freedom,TCD,2002
1.5,heritage_Financial.Freedom,TGO,2003
1.5,heritage_Financial.Freedom,THA,2009
1.5,heritage_Financial.Freedom,TJK,2006
1.5,heritage_Financial.Freedom,TUN,1996
1.5,heritage_Financial.Freedom,TUR,2006
1.5,heritage_Financial.Freedom,TZA,2004
1.5,heritage_Financial.Freedom,UGA,2003
1.5,heritage_Financial.Freedom,UKR,2003
1.5,heritage_Financial.Freedom,URY,1996
1.5,heritage_Financial.Freedom,USA,2001
1.5,heritage_Financial.Freedom,UZB,2007
1.5,heritage_Financial.Freedom,VEN,2007
1.5,heritage_Financial.Freedom,VNM,2016
1.5,heritage_Financial.Freedom,ZAF,2003
1.5,heritage_Financial.Freedom,ZWE,2007
