component,outcome,outcome_col,att,se,p_value,fdr_bh,reject_bh_05
fraser_SizeGov,GDP_per_capita_growth,GDP_per_capita_growth,0.4818397454921786,0.579176876405801,0.4054434605436336,0.7698100130059123,FALSE
fraser_SizeGov,Gini_SWIID,Gini_SWIID,-1.0568971069705357,0.404895285391114,0.009046354159825219,0.20505069428937164,FALSE
fraser_SizeGov,Income_share_bottom50_WID,Income_share_bottom50_WID,0.7391276879962712,0.21183934205640947,4.846580241862287e-4,0.032956745644663554,TRUE
fraser_SizeGov,log_under5_mort,log_under5_mort,-0.009930354326797274,0.03805539186155598,0.7941351223507555,0.9473892687693223,FALSE
fraser_LegalSystem,GDP_per_capita_growth,GDP_per_capita_growth,0.11707601019479567,0.6672060720615389,0.8607087391945516,0.9522953132844,FALSE
fraser_LegalSystem,Gini_SWIID,Gini_SWIID,0.5871746552859822,0.5984375378546883,0.3265042224159385,0.7675113845652836,FALSE
fraser_LegalSystem,Income_share_bottom50_WID,Income_share_bottom50_WID,-0.1871851445546329,0.22572924441566175,0.406965041017347,0.7698100130059123,FALSE
fraser_LegalSystem,log_under5_mort,log_under5_mort,-0.04041646689918008,0.035806084582520624,0.258999198392012,0.7675113845652836,FALSE
fraser_SoundMoney,GDP_per_capita_growth,GDP_per_capita_growth,0.11121416685775977,0.6705413072610615,0.8682692562298941,0.9522953132844,FALSE
fraser_SoundMoney,Gini_SWIID,Gini_SWIID,0.2124974130370604,0.5669564449555076,0.7078064102183943,0.8751061071791056,FALSE
fraser_SoundMoney,Income_share_bottom50_WID,Income_share_bottom50_WID,0.24363373348009043,0.2366904363423337,0.303322315160969,0.7675113845652836,FALSE
fraser_SoundMoney,log_under5_mort,log_under5_mort,-0.058262176224484194,0.037602235589902645,0.1212774646019357,0.4436358735295336,FALSE
fraser_FreeTrade,GDP_per_capita_growth,GDP_per_capita_growth,0.7159590619748423,1.0545927364483239,0.4972035971858137,0.7910164519200658,FALSE
fraser_FreeTrade,Gini_SWIID,Gini_SWIID,-0.5111760397524749,0.6171991116015862,0.4075464774737183,0.7698100130059123,FALSE
fraser_FreeTrade,Income_share_bottom50_WID,Income_share_bottom50_WID,-0.05326076643416025,0.24253455002018492,0.826182115766817,0.9522953132844,FALSE
fraser_FreeTrade,log_under5_mort,log_under5_mort,0.04234619079596975,0.03241079851880455,0.19136703428988336,0.6506479165856034,FALSE
fraser_Regulation,GDP_per_capita_growth,GDP_per_capita_growth,1.1407406002472877,0.5643761114657239,0.04325473825571029,0.3190399320686017,FALSE
fraser_Regulation,Gini_SWIID,Gini_SWIID,0.2664566674914919,0.5714636026185587,0.6410218319158068,0.838259318659132,FALSE
fraser_Regulation,Income_share_bottom50_WID,Income_share_bottom50_WID,0.40929637206112224,0.18152438507830299,0.02414754980320025,0.2736722311029362,FALSE
fraser_Regulation,log_under5_mort,log_under5_mort,-0.006170675592998881,0.035534732669984824,0.8621390026259941,0.9522953132844,FALSE
heritage_Property.Rights,GDP_per_capita_growth,GDP_per_capita_growth,0.6094280325020676,0.6221674006203674,0.32732103165284154,0.7675113845652836,FALSE
heritage_Property.Rights,Gini_SWIID,Gini_SWIID,-1.0780978855786112,0.47055822662562374,0.021957393177925704,0.2736722311029362,FALSE
heritage_Property.Rights,Income_share_bottom50_WID,Income_share_bottom50_WID,0.3567569659442724,0.19219955059900665,0.06342790277818026,0.3190399320686017,FALSE
heritage_Property.Rights,log_under5_mort,log_under5_mort,-0.09920088149572592,0.04379481998108396,0.02350481393258015,0.2736722311029362,FALSE
heritage_Government.Integrity,GDP_per_capita_growth,GDP_per_capita_growth,-0.29087188209591774,0.517384979372126,0.5739823333857748,0.810122332539856,FALSE
heritage_Government.Integrity,Gini_SWIID,Gini_SWIID,-0.7183603864968106,0.46696068051131334,0.12395708230972262,0.4436358735295336,FALSE
heritage_Government.Integrity,Income_share_bottom50_WID,Income_share_bottom50_WID,0.518414288425895,0.2491336813215457,0.037445996036798906,0.3190399320686017,FALSE
heritage_Government.Integrity,log_under5_mort,log_under5_mort,-0.1257772818195152,0.047957709705200705,0.00872435420895706,0.20505069428937164,FALSE
heritage_Judicial.Effectiveness,GDP_per_capita_growth,GDP_per_capita_growth,-1.2428524833157133,0.667720820745934,0.06269680961685471,0.3190399320686017,FALSE
heritage_Judicial.Effectiveness,Gini_SWIID,Gini_SWIID,0.3020246156181141,0.4281336754367294,0.4805335588129891,0.7910164519200658,FALSE
heritage_Judicial.Effectiveness,Income_share_bottom50_WID,Income_share_bottom50_WID,0.10949580359243885,0.09512966473210215,0.2497254914330683,0.7675113845652836,FALSE
heritage_Judicial.Effectiveness,log_under5_mort,log_under5_mort,0.007112779611809173,0.012339882500633418,0.5643409377418506,0.810122332539856,FALSE
heritage_Tax.Burden,GDP_per_capita_growth,GDP_per_capita_growth,-0.9063510511535076,0.5554750565289129,0.1027493776940878,0.43668485519987316,FALSE
heritage_Tax.Burden,Gini_SWIID,Gini_SWIID,0.42387963239327825,0.5088442847394453,0.40483104875822623,0.7698100130059123,FALSE
heritage_Tax.Burden,Income_share_bottom50_WID,Income_share_bottom50_WID,0.030509628004207447,0.2906048847588125,0.916386416457636,0.9586811741402962,FALSE
heritage_Tax.Burden,log_under5_mort,log_under5_mort,0.028442226602986096,0.049656422846653225,0.5667933798263486,0.810122332539856,FALSE
heritage_Government.Spending,GDP_per_capita_growth,GDP_per_capita_growth,0.2021040321868745,0.5249496960376061,0.7002396748086411,0.8751061071791056,FALSE
heritage_Government.Spending,Gini_SWIID,Gini_SWIID,-0.09214583085668263,0.5194895786247352,0.8592117764788029,0.9522953132844,FALSE
heritage_Government.Spending,Income_share_bottom50_WID,Income_share_bottom50_WID,0.12254835777996846,0.27315990549907543,0.6536969263380226,0.8387054903959534,FALSE
heritage_Government.Spending,log_under5_mort,log_under5_mort,-0.07667950016222552,0.04827669655317975,0.11221091914898301,0.4436358735295336,FALSE
heritage_Fiscal.Health,GDP_per_capita_growth,GDP_per_capita_growth,-1.0537901057503274,0.5247833640180891,0.04463820717069236,0.3190399320686017,FALSE
heritage_Fiscal.Health,Gini_SWIID,Gini_SWIID,-0.4788351132060501,0.827739404656275,0.5629364902952436,0.810122332539856,FALSE
heritage_Fiscal.Health,Income_share_bottom50_WID,Income_share_bottom50_WID,-0.10521060128596912,0.14037337959310914,0.4535526654710615,0.7710395313008045,FALSE
heritage_Fiscal.Health,log_under5_mort,log_under5_mort,-0.009892209035517931,0.019666567495126592,0.6149669324513906,0.8363550281338912,FALSE
heritage_Business.Freedom,GDP_per_capita_growth,GDP_per_capita_growth,-0.008807832338823625,0.4571413996793671,0.9846279539303698,0.9938391487972288,FALSE
heritage_Business.Freedom,Gini_SWIID,Gini_SWIID,1.002388093473598,0.5226979323684088,0.055146569355968636,0.3190399320686017,FALSE
heritage_Business.Freedom,Income_share_bottom50_WID,Income_share_bottom50_WID,0.2008725932778585,0.2191352785116208,0.35932071592215936,0.7698100130059123,FALSE
heritage_Business.Freedom,log_under5_mort,log_under5_mort,-0.04551065596995726,0.04202358062552228,0.2788177374605133,0.7675113845652836,FALSE
heritage_Labor.Freedom,GDP_per_capita_growth,GDP_per_capita_growth,0.28376419739466785,0.5855788968254559,0.6279690020592364,0.8372920027456485,FALSE
heritage_Labor.Freedom,Gini_SWIID,Gini_SWIID,0.005280876056660926,0.683913223132474,0.9938391487972288,0.9938391487972288,FALSE
heritage_Labor.Freedom,Income_share_bottom50_WID,Income_share_bottom50_WID,0.15219490134682007,0.19309981601995052,0.430599033103649,0.7710395313008045,FALSE
heritage_Labor.Freedom,log_under5_mort,log_under5_mort,-0.010287192206877963,0.03224003409046897,0.7496648584142663,0.9103073280744662,FALSE
heritage_Monetary.Freedom,GDP_per_capita_growth,GDP_per_capita_growth,-0.09862843455059772,0.7020433816810476,0.8882746987213789,0.9586811741402962,FALSE
heritage_Monetary.Freedom,Gini_SWIID,Gini_SWIID,0.3316496037733177,0.6053169860660056,0.5837646219772492,0.810122332539856,FALSE
heritage_Monetary.Freedom,Income_share_bottom50_WID,Income_share_bottom50_WID,0.45776570919180987,0.25298190344095295,0.07037645560336803,0.3190399320686017,FALSE
heritage_Monetary.Freedom,log_under5_mort,log_under5_mort,-0.09968895839781691,0.05209351595468308,0.05566439697040138,0.3190399320686017,FALSE
heritage_Trade.Freedom,GDP_per_capita_growth,GDP_per_capita_growth,0.4797224339061934,0.7809562952354069,0.5390331920903272,0.810122332539856,FALSE
heritage_Trade.Freedom,Gini_SWIID,Gini_SWIID,-0.3493613619909453,0.5182075864556809,0.5002015798906299,0.7910164519200658,FALSE
heritage_Trade.Freedom,Income_share_bottom50_WID,Income_share_bottom50_WID,0.27158306157377987,0.2526704925886176,0.28244156699775685,0.7675113845652836,FALSE
heritage_Trade.Freedom,log_under5_mort,log_under5_mort,0.006731488668204613,0.05956318559893783,0.9100192587912612,0.9586811741402962,FALSE
heritage_Investment.Freedom,GDP_per_capita_growth,GDP_per_capita_growth,-0.4017378351153776,0.4223140021937841,0.34146349332113796,0.7698100130059123,FALSE
heritage_Investment.Freedom,Gini_SWIID,Gini_SWIID,0.43878521929075653,0.5610078695355079,0.434133847116683,0.7710395313008045,FALSE
heritage_Investment.Freedom,Income_share_bottom50_WID,Income_share_bottom50_WID,0.5745754867331473,0.3157316859289041,0.06878610732249134,0.3190399320686017,FALSE
heritage_Investment.Freedom,log_under5_mort,log_under5_mort,0.05924936459200145,0.07742106140930177,0.44410041144185636,0.7710395313008045,FALSE
heritage_Financial.Freedom,GDP_per_capita_growth,GDP_per_capita_growth,-0.49616506471313493,0.4938205738437311,0.3150183737530465,0.7675113845652836,FALSE
heritage_Financial.Freedom,Gini_SWIID,Gini_SWIID,0.6823591173831262,0.6869720384794564,0.3205710171848688,0.7675113845652836,FALSE
heritage_Financial.Freedom,Income_share_bottom50_WID,Income_share_bottom50_WID,0.27562372244077504,0.3161628443676551,0.3833296534447498,0.7698100130059123,FALSE
heritage_Financial.Freedom,log_under5_mort,log_under5_mort,-0.0024612497068374445,0.05575139806986165,0.9647873325524173,0.9938391487972288,FALSE
